track_id,track_name,artist_name,album_name,popularity,genero_etiqueta,origen_plataforma,danceability,energy,key,loudness,mode,speechiness,acousticness,instrumentalness,liveness,valence,tempo,duration_ms,num_secciones,num_compases,num_tiempos_beats,densidad_tatum,youtube_vistas,youtube_likes,youtube_engagement_rate
1WoDc1x28zHmxnPvvM5GLh,La Asesina,Zacarias Ferreira,El Amor,0,Bachata,Spotify,0.73,0.706,3,-3.565,1,0.045,0.266,0.00087,0.145,0.556,122.9,248923,6,127,509,1.62,15335443,499281,3.26
7FrPSk0rZdCPR50pfzdzMK,Que Se Mueran,Romeo Santos,Fórmula Vol. 1 (Deluxe Edition),0,Bachata,Spotify,0.808,0.684,5,-3.711,0,0.068,0.264,0.00851,0.101,0.827,129.1,186215,8,100,400,2.27,844332,21942,2.6
6IfMD01z39P15HKezjdaMP,Bachata En Fukuoka,Juan Luis Guerra 4.40,Asondeguerra,0,Bachata,Spotify,0.788,0.7,0,-5.92,0,0.054,0.353,0.00951,0.133,0.647,121.7,219244,9,111,444,2.1,15075559,322041,2.14
3H9GcHKKJyZ9TEOLKlJ1U5,Bachata Rosa,Juan Luis Guerra 4.40,Bachata Rosa,0,Bachata,Spotify,0.794,0.605,3,-4.858,0,0.044,0.43,0.00433,0.145,0.895,126.9,225249,7,119,476,2.29,15250851,601974,3.95
6IQuWJZz13Dmc3aUph4vXf,Bachata Chata,Pau Hernandez,Bachata Chata,0,Bachata,Spotify,0.816,0.634,2,-4.63,1,0.043,0.301,0.00667,0.149,0.824,125.3,215710,8,112,450,1.62,629652,17036,2.71
6Onk4Z80ak704HuSjfZgs7,Tu Con El,Frankie Ruiz,El Papa De La Salsa,0,Salsa,Spotify,0.727,0.881,6,-5.409,1,0.034,0.11,0.00354,0.158,0.897,192.3,231415,12,185,741,2.54,753694,23567,3.13
4ZGk5h0sIfeunWEKzXEoHr,Siempre Sere,Tito Rojas,Sensual,0,Salsa,Spotify,0.789,0.816,11,-4.207,0,0.04,0.068,0.00878,0.164,0.722,189.3,246944,12,194,779,2.75,300187586,7211078,2.4
2i8otid5VKKnEaseBVO1vq,Deseándote,Frankie Ruiz,Oro Salsero,0,Salsa,Spotify,0.711,0.874,0,-6.068,0,0.078,0.194,0.00188,0.074,0.622,188.0,187543,9,146,587,2.78,8422443,376568,4.47
3QHMxEOAGD51PDlbFPHLyJ,Vivir Mi Vida,Marc Anthony,3.0,0,Salsa,Spotify,0.774,0.834,11,-4.427,1,0.076,0.051,0.00721,0.19,0.62,187.9,190494,10,149,596,2.99,743631,29507,3.97
3Xy4svERcnUuFcOaBI0539,Salsa Con Coco,Pochy Y Su Cocoband,El Arrollador,0,Salsa,Spotify,0.756,0.897,0,-4.059,1,0.069,0.123,0.00029,0.086,0.589,170.0,215150,10,152,609,2.43,300121019,9311437,3.1
6btlotyCLtZUlZogXYSLCy,La Quebradora,Banda El Recodo,De Mexico para el Mundo,0,Quebradita,Spotify,0.766,0.853,0,-5.171,1,0.059,0.012,0.00709,0.118,0.642,226.0,217475,9,204,819,3.61,15283910,442826,2.9
3hLXyqekA8xdoFU2kgQ9NV,Quebradita,Banda Roja de Jose Leon,17 Exitos (Alegre y Mujeriego),0,Quebradita,Spotify,0.793,0.851,6,-3.828,0,0.032,0.089,0.00727,0.167,0.596,236.5,220558,12,217,869,3.69,15082476,335198,2.22
54YlyNUYMtrQzzU0vQyK60,Popurrí Quebraditas: Tumbando Caña / Como la Luna / Eva María - 30 Aniversario,Banda Maguey,Popurrí Quebraditas: Tumbando Caña / Como la Luna / Eva María (30 Aniversario),0,Quebradita,Spotify,0.706,0.938,9,-5.198,1,0.056,0.069,0.00601,0.215,0.733,256.3,243097,11,259,1038,3.47,15176017,228677,1.51
0Wu6AC02xgm8RUnyUEq12v,Quebradita En El Mar,Alacranes Musical,Lo Más Escuchado De,0,Quebradita,Spotify,0.664,0.889,7,-6.269,1,0.052,0.021,0.00732,0.095,0.818,253.3,208744,13,220,881,3.49,60443624,1133998,1.88
2PY9K39LmtKY9C9EoUd5hk,Quebradita en el Mar,Alacranes Musical,A Paso Firme,0,Quebradita,Spotify,0.74,0.963,8,-5.523,0,0.05,0.018,0.00821,0.097,0.684,257.8,237062,9,254,1018,3.44,60443624,1133998,1.88
07p0kLnvfQQ2bLujHyzSGK,Rechazame,Prince Royce,Prince Royce,0,Bachata,Spotify,0.73,0.706,3,-3.565,1,0.045,0.266,0.00087,0.145,0.556,122.9,248923,6,127,509,1.63,449989142,16883659,3.75
65H6t1WQBim6q93yM8fEwn,Obsesion,Aventura,We Broke The Rules,0,Bachata,Spotify,0.808,0.684,5,-3.711,0,0.068,0.264,0.00851,0.101,0.827,129.1,186215,9,100,400,1.76,14998109,251360,1.68
6WxUEdsuCDosoVMTkjBGEO,Perdóname,Anthony Santos,Bachata Hits,0,Bachata,Spotify,0.788,0.7,0,-5.92,0,0.054,0.353,0.00951,0.133,0.647,121.7,219244,9,111,444,1.89,15161422,310612,2.05
0IQd0K2zn6tJ1cXs6FkO9J,Corazón Duro,Anthony Santos,Bachata Hits,0,Bachata,Spotify,0.794,0.605,3,-4.858,0,0.044,0.43,0.00433,0.145,0.895,126.9,225249,9,119,476,2.15,473225,12809,2.71
64zjvItFmkY8Q96tcmGQ6n,Tu Eres Ajena - Bachata,Frank Reyes,Amor En Silencio,0,Bachata,Spotify,0.816,0.634,2,-4.63,1,0.043,0.301,0.00667,0.149,0.824,125.3,215710,9,112,450,1.75,14969260,575289,3.84
0OgX5NA7KFx8FCr5W0HYl9,Medicina De Amor,Raulin Rodriguez,Medicina De Amor,0,Bachata,Spotify,0.73,0.706,3,-3.565,1,0.045,0.266,0.00087,0.145,0.556,122.9,248923,9,127,509,2.28,492991,12635,2.56
0wDEs6WvqDHq4XJZC0dHhO,Hoja En Blanco,Monchy & Alexandra,Hoja en Blanco,0,Bachata,Spotify,0.808,0.684,5,-3.711,0,0.068,0.264,0.00851,0.101,0.827,129.1,186215,8,100,400,1.89,980032,29037,2.96
03If6rHLpna58qtKOeaM1a,Hoja En Blanco,Monchy & Alexandra,Clasicas De Clasicos,0,Bachata,Spotify,0.794,0.605,3,-4.858,0,0.044,0.43,0.00433,0.145,0.895,126.9,225249,8,119,476,2.29,980032,29037,2.96
5PVIX3YNy8K4JCEJ5vHumg,Desnuda,Jhonny Evidence,Jhonny Evidence Clasicos de la Bachata,0,Bachata,Spotify,0.816,0.634,2,-4.63,1,0.043,0.301,0.00667,0.149,0.824,125.3,215710,7,112,450,2.09,120059548,4583035,3.82
6HzT1LKu9UfsGebengbuL3,Salsa Hits,Digi Underground,Salsa Underground,0,Salsa,Spotify,0.789,0.816,11,-4.207,0,0.04,0.068,0.00878,0.164,0.722,189.3,246944,8,194,779,2.42,339153,13576,4.0
2n1MTLCis6qPSDKdr5XSDI,Oh Qué Será?,Willie Colón,Greatest Hits,0,Salsa,Spotify,0.711,0.874,0,-6.068,0,0.078,0.194,0.00188,0.074,0.622,188.0,187543,10,146,587,2.53,300134413,5552992,1.85
7N2EL3zGpc4ULQzwhtMc0i,Ahnelo,Adolescent's Orquesta,"Salsa Hits, Vol. 3",0,Salsa,Spotify,0.774,0.834,11,-4.427,1,0.076,0.051,0.00721,0.19,0.62,187.9,190494,12,149,596,2.97,85467263,2508804,2.94
1BK353EYyBMkDd80kmfrqA,Ese Hombre,LA INDIA,Dicen Que Soy,0,Salsa,Spotify,0.756,0.897,0,-4.059,1,0.069,0.123,0.00029,0.086,0.589,170.0,215150,9,152,609,2.59,8032175,334809,4.17
6sna5KCgNbt1ciZtVJCjzx,Gotas De Lluvia,Grupo Niche,20th Anniversary,0,Salsa,Spotify,0.727,0.881,6,-5.409,1,0.034,0.11,0.00354,0.158,0.897,192.3,231415,12,185,741,2.88,8182485,207901,2.54
2naqSVQHgiaoEpxtkVOhmK,Llorarás,La Dimensión Latina,Una Dimensión De Éxitos,0,Salsa,Spotify,0.789,0.816,11,-4.207,0,0.04,0.068,0.00878,0.164,0.722,189.3,246944,10,194,779,2.42,85424478,3719806,4.35
0zDO5avDZSXRwWzfuguIRb,Llorarás,La Dimensión Latina,Dimensión Latina '75,0,Salsa,Spotify,0.711,0.874,0,-6.068,0,0.078,0.194,0.00188,0.074,0.622,188.0,187543,12,146,587,2.92,85424478,3719806,4.35
3Em4X4dWNxYeUz6fs2vXFB,Clásicos 1.0: Entrega,Grupo Niche,Clásicos 1.0: Entrega,0,Salsa,Spotify,0.774,0.834,11,-4.427,1,0.076,0.051,0.00721,0.19,0.62,187.9,190494,10,149,596,2.94,550137,24726,4.49
2IK8XNORtvCXSA7fSsvUAX,Por Alguien Que Se Fue - En Vivo,Luisito Carrion,Clasicos En Vivo,0,Salsa,Spotify,0.756,0.897,0,-4.059,1,0.069,0.123,0.00029,0.086,0.589,170.0,215150,9,152,609,2.54,7966142,196604,2.47
1I970TLahlOjJcsTJkWXC9,Y Contigo Quebraditas 2: Claridad,Miguel Angel Tzul y su Marimba Orquesta,Puro Movimiento Guatemala Hits,0,Quebradita,Spotify,0.706,0.938,9,-5.198,1,0.056,0.069,0.00601,0.215,0.733,256.3,243097,13,259,1038,3.29,15499013,485003,3.13
4E52Up0mp4Hk8NHZoEY4pr,Y Contigo Quebraditas 2: La María,Miguel Angel Tzul y su Marimba Orquesta,Puro Movimiento Guatemala Hits,0,Quebradita,Spotify,0.664,0.889,7,-6.269,1,0.052,0.021,0.00732,0.095,0.818,253.3,208744,9,220,881,3.25,59997605,1630484,2.72
5bplj8Ru03egmXd8YyCN3r,La Quebradita,Banda Arkangel R-15,22 Ultimate Regional Mexican Hits 2002,0,Quebradita,Spotify,0.74,0.963,8,-5.523,0,0.05,0.018,0.00821,0.097,0.684,257.8,237062,9,254,1018,3.7,60309272,1604333,2.66
3za8FDAJerSMdXCYagA3av,El Quebrador,Banda Movil,Ahy Te Va Kora,0,Quebradita,Spotify,0.664,0.889,7,-6.269,1,0.052,0.021,0.00732,0.095,0.818,253.3,208744,12,220,881,3.65,15422970,258850,1.68
6r46lnXFbE9fr2d3KNaGbe,Imitadora,Romeo Santos,Golden,0,Bachata,Spotify,0.808,0.684,5,-3.711,0,0.068,0.264,0.00851,0.101,0.827,129.1,186215,7,100,400,1.69,120352764,3522850,2.93
6I86RF3odBlcuZA9Vfjzeq,Eres Mía,Romeo Santos,"Fórmula, Vol. 2 (Deluxe Edition)",0,Bachata,Spotify,0.788,0.7,0,-5.92,0,0.054,0.353,0.00951,0.133,0.647,121.7,219244,9,111,444,1.85,878237,17461,1.99
1YYfyJ2yCvGFCxwjsIqEK9,Khé?,Rauw Alejandro,Cosa Nuestra,0,Bachata,Spotify,0.794,0.605,3,-4.858,0,0.044,0.43,0.00433,0.145,0.895,126.9,225249,7,119,476,1.62,964750,14555,1.51
3DKWF8is9hzp84aSxnhlag,Necio (feat. Carlos Santana),Romeo Santos,"Fórmula, Vol. 2 (Deluxe Edition)",0,Bachata,Spotify,0.816,0.634,2,-4.63,1,0.043,0.301,0.00667,0.149,0.824,125.3,215710,6,112,450,1.82,836882,24318,2.91
27ze5t5tIDPlVits0KRbxT,El Perdedor,Aventura,K.O.B. Live,0,Bachata,Spotify,0.808,0.684,5,-3.711,0,0.068,0.264,0.00851,0.101,0.827,129.1,186215,9,100,400,2.26,120109017,2802766,2.33
2Bhmj4XK33InfhqKPxcJ1v,Dile al Amor,Aventura,The Last,0,Bachata,Spotify,0.788,0.7,0,-5.92,0,0.054,0.353,0.00951,0.133,0.647,121.7,219244,7,111,444,1.67,120499997,2114467,1.75
0HDHY6RSHHG2ZTE0cMT4GJ,Los Infieles,Aventura,K.O.B. Live,0,Bachata,Spotify,0.794,0.605,3,-4.858,0,0.044,0.43,0.00433,0.145,0.895,126.9,225249,7,119,476,1.78,15181854,440868,2.9
37zdqI4r1gswIzczSBkRon,Aventura,Lunay,Épico,0,Bachata,Spotify,0.816,0.634,2,-4.63,1,0.043,0.301,0.00667,0.149,0.824,125.3,215710,7,112,450,1.96,450181037,8331439,1.85
0u4N6w5lBw5xMrzJitRWUo,Corazón Sin Cara,Prince Royce,Prince Royce,0,Bachata,Spotify,0.73,0.706,3,-3.565,1,0.045,0.266,0.00087,0.145,0.556,122.9,248923,7,127,509,1.8,450323846,7791614,1.73
0DQd0tWurMHUAv0cMnDELH,Stand by Me,Prince Royce,Prince Royce,0,Bachata,Spotify,0.788,0.7,0,-5.92,0,0.054,0.353,0.00951,0.133,0.647,121.7,219244,6,111,444,2.19,450236534,10094142,2.24
06EgH8BdWW9QRrlI6ZVQhW,El Amor Que Perdimos,Prince Royce,Prince Royce,0,Bachata,Spotify,0.794,0.605,3,-4.858,0,0.044,0.43,0.00433,0.145,0.895,126.9,225249,7,119,476,1.73,119951235,2289355,1.91
6cJLfIqwh0tCKRjYM3WpZ5,Darte un Beso,Prince Royce,Soy el Mismo,0,Bachata,Spotify,0.816,0.634,2,-4.63,1,0.043,0.301,0.00667,0.149,0.824,125.3,215710,8,112,450,2.17,15030244,368092,2.45
0UoAcG1vxtFjes7rZz8Js0,Burbujas de Amor,Juan Luis Guerra 4.40,Bachata Rosa,0,Bachata,Spotify,0.73,0.706,3,-3.565,1,0.045,0.266,0.00087,0.145,0.556,122.9,248923,6,127,509,1.68,14976351,507964,3.39
0K1XXuhaJBPWMcgjj3ug3u,Las Avispas,Juan Luis Guerra 4.40,Para Ti,0,Bachata,Spotify,0.808,0.684,5,-3.711,0,0.068,0.264,0.00851,0.101,0.827,129.1,186215,7,100,400,2.17,15473783,383821,2.48
5fF0fb0VFihGDHFshDLi2Z,Mi Bendición,Juan Luis Guerra 4.40,Asondeguerra,0,Bachata,Spotify,0.788,0.7,0,-5.92,0,0.054,0.353,0.00951,0.133,0.647,121.7,219244,8,111,444,1.94,120476957,2607701,2.16
4PHX6bpHDxiR9RGzAKWcyk,Cuando Me Enamoro,Enrique Iglesias,Euphoria,0,Bachata,Spotify,0.794,0.605,3,-4.858,0,0.044,0.43,0.00433,0.145,0.895,126.9,225249,7,119,476,2.17,587278,12466,2.12
3lQJF8QzeMyrGVbc46KieQ,Abriendo Caminos (feat. Juan Luis Guerra),Diego Torres,Andando,0,Bachata,Spotify,0.816,0.634,2,-4.63,1,0.043,0.301,0.00667,0.149,0.824,125.3,215710,7,112,450,1.91,120185478,3700160,3.08
0gSBSVrek88L0xnSUQwlst,El Intruso,Zacarias Ferreira,El Amor,0,Bachata,Spotify,0.73,0.706,3,-3.565,1,0.045,0.266,0.00087,0.145,0.556,122.9,248923,6,127,509,1.85,713452,19672,2.76
5hhMqFyklLrysNN3KGnQub,Dime Que Falto,Zacarias Ferreira,Dime Que Falto,0,Bachata,Spotify,0.788,0.7,0,-5.92,0,0.054,0.353,0.00951,0.133,0.647,121.7,219244,9,111,444,2.27,479669,11660,2.43
0Ihu6hcj4hrWVz22W3G10P,Es Tan Difícil,Zacarias Ferreira,Dime Que Falto,0,Bachata,Spotify,0.794,0.605,3,-4.858,0,0.044,0.43,0.00433,0.145,0.895,126.9,225249,8,119,476,1.98,693027,13566,1.96
1CIUos10Or0tFaf4ZhaSfW,Ya No Te Buscaré,Zacarias Ferreira,El Amor,0,Bachata,Spotify,0.816,0.634,2,-4.63,1,0.043,0.301,0.00667,0.149,0.824,125.3,215710,9,112,450,1.86,15188132,496678,3.27
38nwdi1gZfoXsDFrk4eSF4,Como Sanar,Frank Reyes,Noche de Pasión,0,Bachata,Spotify,0.73,0.706,3,-3.565,1,0.045,0.266,0.00087,0.145,0.556,122.9,248923,8,127,509,2.23,450200687,7229151,1.61
0D0hqpMEi4aHukh8zP5gSF,Quién Eres Tu,Frank Reyes,Cuando Se Quiere Se Puede,0,Bachata,Spotify,0.808,0.684,5,-3.711,0,0.068,0.264,0.00851,0.101,0.827,129.1,186215,8,100,400,2.09,450418540,11879813,2.64
06YEsAMgIA37hKjmdBhmrE,Fecha de Vencimiento,Frank Reyes,Devuélveme Mi Libertad,0,Bachata,Spotify,0.788,0.7,0,-5.92,0,0.054,0.353,0.00951,0.133,0.647,121.7,219244,8,111,444,1.75,449993556,14199082,3.16
5ABUWUrqYGMXbF8qCZ5zF9,Princesa,Frank Reyes,Dosis De Amor,0,Bachata,Spotify,0.794,0.605,3,-4.858,0,0.044,0.43,0.00433,0.145,0.895,126.9,225249,7,119,476,1.68,449975800,10984976,2.44
5Xg9feC7RNaUO5x3Ns0yyE,No Ha Sido Facil,Monchy & Alexandra,Hoja en Blanco,0,Bachata,Spotify,0.73,0.706,3,-3.565,1,0.045,0.266,0.00087,0.145,0.556,122.9,248923,8,127,509,2.01,15115120,538857,3.57
1zqs4qqfvaYHL6LBjW4NNA,Dos Locos,Monchy & Alexandra,Confesiones,0,Bachata,Spotify,0.808,0.684,5,-3.711,0,0.068,0.264,0.00851,0.101,0.827,129.1,186215,9,100,400,2.25,450042396,16204852,3.6
1R86zyuubq0Q1GV1OfweIj,Te Quiero Igual Que Ayer - Bachata,Monchy & Alexandra,Confesiones,0,Bachata,Spotify,0.794,0.605,3,-4.858,0,0.044,0.43,0.00433,0.145,0.895,126.9,225249,6,119,476,2.18,15261865,541791,3.55
5a59VvSEZ84xc83eh5adjv,Perdidos,Monchy & Alexandra,Exitos,0,Bachata,Spotify,0.816,0.634,2,-4.63,1,0.043,0.301,0.00667,0.149,0.824,125.3,215710,8,112,450,2.19,120483831,2280880,1.89
3od2tKXDGzRyZEtX6KWXK7,Tarde Te Arrepientes,Luis Vargas,Desamor,0,Bachata,Spotify,0.73,0.706,3,-3.565,1,0.045,0.266,0.00087,0.145,0.556,122.9,248923,9,127,509,1.66,677749,21118,3.12
0NnwEPjfSBJ9lHnck0g1Up,Volvio el Dolor,Luis Vargas,Volvio el Dolor,0,Bachata,Spotify,0.808,0.684,5,-3.711,0,0.068,0.264,0.00851,0.101,0.827,129.1,186215,7,100,400,2.22,450209219,14487641,3.22
6QBbQb4bimQ6wYp6AaGKAg,La Traicionera,Luis Vargas,La Maravilla,0,Bachata,Spotify,0.788,0.7,0,-5.92,0,0.054,0.353,0.00951,0.133,0.647,121.7,219244,7,111,444,2.11,474931,18439,3.88
39Ym1jtz6xZbHNBP6tKQFd,Lo Se,Luis Vargas,En Persona,0,Bachata,Spotify,0.794,0.605,3,-4.858,0,0.044,0.43,0.00433,0.145,0.895,126.9,225249,6,119,476,2.26,15012418,286493,1.91
1dZe54pxTPI1XsISVTR6ns,Debate De 4,Romeo Santos,Fórmula Vol. 1 (Deluxe Edition),0,Bachata,Spotify,0.816,0.634,2,-4.63,1,0.043,0.301,0.00667,0.149,0.824,125.3,215710,8,112,450,1.85,120226259,3702559,3.08
4ZcjNfK9Df94vbT43Gm8dt,Corazón Culpable,Anthony Santos,Cojelo Ahí,0,Bachata,Spotify,0.73,0.706,3,-3.565,1,0.045,0.266,0.00087,0.145,0.556,122.9,248923,6,127,509,2.03,15370223,353795,2.3
7oJ5gMtXIjVyx9plzoFkHU,Donde Estará,Anthony Santos,Corazón Bonito,0,Bachata,Spotify,0.808,0.684,5,-3.711,0,0.068,0.264,0.00851,0.101,0.827,129.1,186215,6,100,400,2.23,808716,25905,3.2
1soZPkNYncKsVnSk18OGTP,Yo Me Muero Por Ti,Anthony Santos,La Batalla,0,Bachata,Spotify,0.788,0.7,0,-5.92,0,0.054,0.353,0.00951,0.133,0.647,121.7,219244,7,111,444,1.68,120439642,2992415,2.48
7HaClGfBO8BJmPivCvrFGU,"Popurri Clásico, Vol. 1 - En Vivo",Anthony Santos,"Popurri Clásico, Vol. 1 (En Vivo)",0,Bachata,Spotify,0.794,0.605,3,-4.858,0,0.044,0.43,0.00433,0.145,0.895,126.9,225249,7,119,476,2.01,15081185,552276,3.66
7jkIwEJXP3nmTO3fsCJmnS,Perdóname la Vida,"Héctor Acosta ""El Torito""",The Ultimate Bachata Collection,0,Bachata,Spotify,0.73,0.706,3,-3.565,1,0.045,0.266,0.00087,0.145,0.556,122.9,248923,7,127,509,1.93,450021458,14084050,3.13
5LaOePNL1J2kjhmj98xKif,Si Estuvieras Aquí,Los Toros Band,Indetenibles,0,Bachata,Spotify,0.808,0.684,5,-3.711,0,0.068,0.264,0.00851,0.101,0.827,129.1,186215,7,100,400,2.02,120205641,4166506,3.47
3rIgo725niu2yb3WNx62Jt,Me Duele La Cabeza,"Héctor Acosta ""El Torito""",Oblígame,0,Bachata,Spotify,0.788,0.7,0,-5.92,0,0.054,0.353,0.00951,0.133,0.647,121.7,219244,6,111,444,2.23,15085334,272388,1.81
5OPyNWzLKvIaA28IxLWeaN,Aprenderé,"Héctor Acosta ""El Torito""",Oblígame,0,Bachata,Spotify,0.794,0.605,3,-4.858,0,0.044,0.43,0.00433,0.145,0.895,126.9,225249,9,119,476,2.28,682512,22500,3.3
3ucH40KXUWWQ5pFw2685G8,Me Voy (feat. Romeo Santos),"Héctor Acosta ""El Torito""",Mitad Mitad,0,Bachata,Spotify,0.816,0.634,2,-4.63,1,0.043,0.301,0.00667,0.149,0.824,125.3,215710,9,112,450,1.75,939082,24739,2.63
2qZSeh6H7pUzKeT9emAd86,Me Puedo Matar (feat. Bachata Heightz),"Héctor Acosta ""El Torito""",Simplemente... El Torito,0,Bachata,Spotify,0.808,0.684,5,-3.711,0,0.068,0.264,0.00851,0.101,0.827,129.1,186215,8,100,400,2.08,15060553,458211,3.04
1wfxSvHq3cdzmOHZejMkci,Me Voy - Bachata,"Héctor Acosta ""El Torito""",La Historia…Mis Éxitos,0,Bachata,Spotify,0.788,0.7,0,-5.92,0,0.054,0.353,0.00951,0.133,0.647,121.7,219244,8,111,444,2.14,610185,14085,2.31
0ismvscPZLCkVjcaKorYJB,El Torito,Grupo Ferrer,El Torito,0,Bachata,Spotify,0.794,0.605,3,-4.858,0,0.044,0.43,0.00433,0.145,0.895,126.9,225249,8,119,476,1.99,831011,20996,2.53
3icyq85xgCVpavwlz6WWYq,Me Voy,"Héctor Acosta ""El Torito""",Sigo Siendo Yo,0,Bachata,Spotify,0.816,0.634,2,-4.63,1,0.043,0.301,0.00667,0.149,0.824,125.3,215710,7,112,450,1.6,14956809,508770,3.4
3qZULPvg5Ak4zQCeBIY5d1,Amor De Mi Vida,Raulin Rodriguez,Si No Te Tengo,0,Bachata,Spotify,0.808,0.684,5,-3.711,0,0.068,0.264,0.00851,0.101,0.827,129.1,186215,6,100,400,1.96,829192,13995,1.69
4GqF1OeM18jaUiCs56JR5s,Nereyda,Raulin Rodriguez,Regresa Amor,0,Bachata,Spotify,0.788,0.7,0,-5.92,0,0.054,0.353,0.00951,0.133,0.647,121.7,219244,7,111,444,1.99,642243,18228,2.84
4NfwBgmzmzx8WpyIy9C6p7,Que Vuelva,Raulin Rodriguez,Medicina De Amor,0,Bachata,Spotify,0.794,0.605,3,-4.858,0,0.044,0.43,0.00433,0.145,0.895,126.9,225249,8,119,476,1.6,120173197,2402530,2.0
4X5md810XK7lCIALua0KZL,BACHATA SENSUAL VOL 1,ImDjAngelo,BACHATA SENSUAL VOL 1,0,Bachata,Spotify,0.73,0.706,3,-3.565,1,0.045,0.266,0.00087,0.145,0.556,122.9,248923,8,127,509,1.77,120412671,3305345,2.75
1pBbngBQJ47HBwj0xxUc4o,Bachata Sensual,Dani J,Tentación,0,Bachata,Spotify,0.808,0.684,5,-3.711,0,0.068,0.264,0.00851,0.101,0.827,129.1,186215,8,100,400,2.12,15038715,236575,1.57
0ERbK7qVqveCaBWIiYCrl3,Bella y Sensual,Romeo Santos,Golden,0,Bachata,Spotify,0.788,0.7,0,-5.92,0,0.054,0.353,0.00951,0.133,0.647,121.7,219244,9,111,444,1.82,15394759,472864,3.07
5oXrPMZu37AYOhtLO7l0Gf,Bachata Tiempo,Pau Hernandez,Bachata Tiempo,0,Bachata,Spotify,0.816,0.634,2,-4.63,1,0.043,0.301,0.00667,0.149,0.824,125.3,215710,9,112,450,1.63,450165188,11247635,2.5
47TyfLrGhYHHyyQWk64d0M,Flor Pálida,Marc Anthony,3.0,0,Salsa,Spotify,0.789,0.816,11,-4.207,0,0.04,0.068,0.00878,0.164,0.722,189.3,246944,8,194,779,2.71,85001305,3680073,4.33
7ffwRz8lZyDOE4Vj58Lo72,I Need to Know,Marc Anthony,Marc Anthony,0,Salsa,Spotify,0.711,0.874,0,-6.068,0,0.078,0.194,0.00188,0.074,0.622,188.0,187543,8,146,587,2.68,85171997,3516336,4.13
0OMRAvrtLWE2TvcXorRiB9,La Gozadera (feat. Marc Anthony),Gente De Zona,Visualízate,0,Salsa,Spotify,0.774,0.834,11,-4.427,1,0.076,0.051,0.00721,0.19,0.62,187.9,190494,10,149,596,2.46,84956760,1847944,2.18
7AUhck1sPy11OExQmDDx4P,De Vuelta Pa' La Vuelta,Daddy Yankee,De Vuelta Pa' La Vuelta,0,Salsa,Spotify,0.756,0.897,0,-4.059,1,0.069,0.123,0.00029,0.086,0.589,170.0,215150,8,152,609,2.73,300146889,6779677,2.26
5Uve0jm1RgxKWzdSvncBDO,El Cantante,Héctor Lavoe,Comedia,0,Salsa,Spotify,0.727,0.881,6,-5.409,1,0.034,0.11,0.00354,0.158,0.897,192.3,231415,11,185,741,2.7,300095963,6489279,2.16
336Xdyzllb9WbJIC8XF90t,Juanito Alimaña,Héctor Lavoe,Vigilante,0,Salsa,Spotify,0.789,0.816,11,-4.207,0,0.04,0.068,0.00878,0.164,0.722,189.3,246944,9,194,779,2.77,300320043,5228563,1.74
7Kmfjms3yyhg2y56mN7EfZ,El Día De Mi Suerte,Willie Colón,Lo Mato,0,Salsa,Spotify,0.711,0.874,0,-6.068,0,0.078,0.194,0.00188,0.074,0.622,188.0,187543,9,146,587,2.94,7954768,319631,4.02
2w780pCHPCVOVo32GxSeXp,Periódico de Ayer - Remastered 2024,Héctor Lavoe,De Ti Depende (Remastered 2024),0,Salsa,Spotify,0.774,0.834,11,-4.427,1,0.076,0.051,0.00721,0.19,0.62,187.9,190494,11,149,596,2.74,84956097,2337869,2.75
5sR8QlZ63YSyrbOIUdqHFt,Loco,Héctor Lavoe,Strikes Back,0,Salsa,Spotify,0.756,0.897,0,-4.059,1,0.069,0.123,0.00029,0.086,0.589,170.0,215150,9,152,609,2.74,682606,10686,1.57
6VQ2fI8goSX8mpSvytXkXR,Idilio,Willie Colón,Mis Favoritas,0,Salsa,Spotify,0.789,0.816,11,-4.207,0,0.04,0.068,0.00878,0.164,0.722,189.3,246944,10,194,779,2.72,300473351,10775942,3.59
3AEYUEiJmINFScwCkWHSV4,La Murga,Willie Colón,Greatest Hits,0,Salsa,Spotify,0.774,0.834,11,-4.427,1,0.076,0.051,0.00721,0.19,0.62,187.9,190494,11,149,596,2.52,8273518,222661,2.69
3fRIuTih8bzc0vtY9fHhvF,Talento De Televisión,Willie Colón,Mis Favoritas,0,Salsa,Spotify,0.756,0.897,0,-4.059,1,0.069,0.123,0.00029,0.086,0.589,170.0,215150,12,152,609,2.7,300200315,8329496,2.77
7JElWLgpQ7lxN1JNIYwuVu,Que Alguien Me Diga,Gilberto Santa Rosa,Expresion,0,Salsa,Spotify,0.727,0.881,6,-5.409,1,0.034,0.11,0.00354,0.158,0.897,192.3,231415,9,185,741,2.73,8388091,337600,4.02
05K2YWeCYYBgPWFj8TT4uK,Conciencia,Gilberto Santa Rosa,El Caballero De La Salsa - La Historia Tropical,0,Salsa,Spotify,0.789,0.816,11,-4.207,0,0.04,0.068,0.00878,0.164,0.722,189.3,246944,9,194,779,2.71,535261,17966,3.36
37nXsqE1XW0cxOQvIMsmFc,Conteo Regresivo - Salsa Version,Gilberto Santa Rosa,Contraste,0,Salsa,Spotify,0.711,0.874,0,-6.068,0,0.078,0.194,0.00188,0.074,0.622,188.0,187543,12,146,587,2.79,300343529,7456911,2.48
6Fxn2ZdlXbKesbhxHbHa9p,Conciencia,Gilberto Santa Rosa,Perspectiva,0,Salsa,Spotify,0.774,0.834,11,-4.427,1,0.076,0.051,0.00721,0.19,0.62,187.9,190494,8,149,596,2.71,535261,17966,3.36
4WtO0pdIHTuVwQAVFmfIHQ,Te Amo,Franco De Vita,Franco De Vita En Primera Fila,0,Salsa,Spotify,0.756,0.897,0,-4.059,1,0.069,0.123,0.00029,0.086,0.589,170.0,215150,8,152,609,2.97,85428328,2597791,3.04
1BwrMGGhPA6GarWIYaFrW8,La Vida Es Un Carnaval,Celia Cruz,Para La Eternidad,0,Salsa,Spotify,0.727,0.881,6,-5.409,1,0.034,0.11,0.00354,0.158,0.897,192.3,231415,8,185,741,2.82,300383037,8617172,2.87
3QeEd0ldRZKcHixmS9TJQp,La Negra Tiene Tumbao,Celia Cruz,Soy Mujer,0,Salsa,Spotify,0.789,0.816,11,-4.207,0,0.04,0.068,0.00878,0.164,0.722,189.3,246944,8,194,779,2.65,300436287,5682305,1.89
7rWOuBzhjHdiR7RPz9YH7L,La Vida Es Un Carnaval,Celia Cruz,Mi Vida Es Cantar,0,Salsa,Spotify,0.711,0.874,0,-6.068,0,0.078,0.194,0.00188,0.074,0.622,188.0,187543,8,146,587,2.6,300383037,8617172,2.87
1CkuZ3qvhxfMv7y0Nt0sV5,Quimbara,Celia Cruz,The 'Brillante' Best,0,Salsa,Spotify,0.774,0.834,11,-4.427,1,0.076,0.051,0.00721,0.19,0.62,187.9,190494,12,149,596,2.66,300355747,13171935,4.39
3Rjc14RoRucHhEWvv3W3xW,La Vida Es Un Carnaval,Celia Cruz,Mi Vida Es Cantar,0,Salsa,Spotify,0.756,0.897,0,-4.059,1,0.069,0.123,0.00029,0.086,0.589,170.0,215150,8,152,609,2.69,300383037,8617172,2.87
0FsXZAMf6NACvNJ2LI6ySp,Deseándote,Frankie Ruiz,Frankie Ruiz La Leyenda,0,Salsa,Spotify,0.711,0.874,0,-6.068,0,0.078,0.194,0.00188,0.074,0.622,188.0,187543,10,146,587,2.51,8422443,376568,4.47
6cHHrFD3fmBG9MR3k8kvep,Tu Con El,Frankie Ruiz,Nacimiento Y Recuerdos,0,Salsa,Spotify,0.774,0.834,11,-4.427,1,0.076,0.051,0.00721,0.19,0.62,187.9,190494,12,149,596,2.45,753694,23567,3.13
0NmiKXgu8oRjfL5B85RDrL,Desnúdate Mujer,Frankie Ruiz,Frankie Ruiz La Leyenda,0,Salsa,Spotify,0.756,0.897,0,-4.059,1,0.069,0.123,0.00029,0.086,0.589,170.0,215150,8,152,609,2.62,300253591,8375467,2.79
60T9E5dxb4076R7fv3Njjo,Ella Se Hizo Deseo,Tito Rojas,Sensual,0,Salsa,Spotify,0.789,0.816,11,-4.207,0,0.04,0.068,0.00878,0.164,0.722,189.3,246944,12,194,779,2.43,8105973,125489,1.55
3dIsE9NgUFNTqt2BfGZz3o,Nadie es Eterno,Tito Rojas,Exitos y Mas,0,Salsa,Spotify,0.711,0.874,0,-6.068,0,0.078,0.194,0.00188,0.074,0.622,188.0,187543,11,146,587,2.64,85139032,1860052,2.18
217OiircokozWB5frngZOs,Usted,Tito Rojas,Por Derecho Propio,0,Salsa,Spotify,0.774,0.834,11,-4.427,1,0.076,0.051,0.00721,0.19,0.62,187.9,190494,10,149,596,2.83,299992472,11342866,3.78
6ri6LZWnKiqsZmR4BClrGL,Homenaje a Tito Rojas,Lo Socios Del Patio,Homenaje a Tito Rojas,0,Salsa,Spotify,0.756,0.897,0,-4.059,1,0.069,0.123,0.00029,0.086,0.589,170.0,215150,9,152,609,2.42,300073837,6122422,2.04
6QJ1F9DrlsRSmKDcdVS0Oy,Lloraras,Oscar D'León,Traicionera (Baile Total),0,Salsa,Spotify,0.727,0.881,6,-5.409,1,0.034,0.11,0.00354,0.158,0.897,192.3,231415,11,185,741,2.98,8067088,336796,4.17
4YOz0Fl5q0cXanSCUtsW13,Detalles,Oscar D'León,Llego La Salsa,0,Salsa,Spotify,0.789,0.816,11,-4.207,0,0.04,0.068,0.00878,0.164,0.722,189.3,246944,9,194,779,2.94,85296343,2805549,3.29
4HD9PodcnOBUm5eGr3iHCI,Yo Quisiera,Oscar D'León,"Colección De Oro, Vol. 2",0,Salsa,Spotify,0.711,0.874,0,-6.068,0,0.078,0.194,0.00188,0.074,0.622,188.0,187543,8,146,587,2.53,8400577,335112,3.99
10Sj6LNHR3bD3CSgDXxyqc,Detalles,Oscar D'León,El Verdadero León,0,Salsa,Spotify,0.774,0.834,11,-4.427,1,0.076,0.051,0.00721,0.19,0.62,187.9,190494,10,149,596,2.9,85296343,2805549,3.29
4ubwzNjqHGaZZ5k06PDx1H,Sin Sentimientos,Grupo Niche,The Best,0,Salsa,Spotify,0.727,0.881,6,-5.409,1,0.034,0.11,0.00354,0.158,0.897,192.3,231415,12,185,741,2.89,85019506,2801582,3.3
2uJyG7lhmZ8bFrbVVlc6AH,Busca Por Dentro,Grupo Niche,The Best,0,Salsa,Spotify,0.789,0.816,11,-4.207,0,0.04,0.068,0.00878,0.164,0.722,189.3,246944,12,194,779,2.84,85147840,2279335,2.68
26ucR33snMkRD6JExhoD6I,Una Aventura,Grupo Niche,The Best,0,Salsa,Spotify,0.774,0.834,11,-4.427,1,0.076,0.051,0.00721,0.19,0.62,187.9,190494,10,149,596,2.53,85428447,1602809,1.88
6GsxCYC9UaL0J8b8MVrRqX,Cali Pachanguero,Grupo Niche,No Hay Quinto Malo,0,Salsa,Spotify,0.756,0.897,0,-4.059,1,0.069,0.123,0.00029,0.086,0.589,170.0,215150,8,152,609,2.66,8064486,274558,3.4
0k1hbeZodoEw34FAdbh8xM,Brujeria,El Gran Combo De Puerto Rico,Aqui No Se Sienta Nadie!,0,Salsa,Spotify,0.727,0.881,6,-5.409,1,0.034,0.11,0.00354,0.158,0.897,192.3,231415,9,185,741,2.84,300455905,11993362,3.99
1q2J8KWeewoqOrZI4a65P9,Un verano en Nueva York,El Gran Combo De Puerto Rico,Numero 7,0,Salsa,Spotify,0.789,0.816,11,-4.207,0,0.04,0.068,0.00878,0.164,0.722,189.3,246944,10,194,779,2.76,300295674,8881858,2.96
1IcnHHfeAkdc88LybFWwb9,Me Liberé,El Gran Combo De Puerto Rico,Nuevo Milenio - El Mismo Sabor,0,Salsa,Spotify,0.711,0.874,0,-6.068,0,0.078,0.194,0.00188,0.074,0.622,188.0,187543,9,146,587,2.6,85028422,2720877,3.2
64b8mEwrqk0emTMgMvw48x,Brujería - Reggaeton Mix,El Gran Combo De Puerto Rico,Salsa Classics Revisited,0,Salsa,Spotify,0.774,0.834,11,-4.427,1,0.076,0.051,0.00721,0.19,0.62,187.9,190494,11,149,596,2.73,8249634,296286,3.59
2tTmW7RDtMQtBk7m2rYeSw,"Quevedo: Bzrp Music Sessions, Vol. 52/66",Bizarrap,"Quevedo: Bzrp Music Sessions, Vol. 52/66",0,Salsa,Spotify,0.756,0.897,0,-4.059,1,0.069,0.123,0.00029,0.086,0.589,170.0,215150,10,152,609,2.73,85468146,2948109,3.45
303cDwi274kSEH0NSR73AX,Amor y Control,Rubén Blades,Amor Y Control,0,Salsa,Spotify,0.727,0.881,6,-5.409,1,0.034,0.11,0.00354,0.158,0.897,192.3,231415,10,185,741,2.58,300103868,8394433,2.8
7aKs8kWKKau0SDgaeyZMAX,Pedro Navaja,Willie Colón,Siembra,0,Salsa,Spotify,0.789,0.816,11,-4.207,0,0.04,0.068,0.00878,0.164,0.722,189.3,246944,12,194,779,2.62,665312,18196,2.73
5CWMwBYQNRmHjyymkWQYYr,Decisiones,Rubén Blades,Buscando América,0,Salsa,Spotify,0.711,0.874,0,-6.068,0,0.078,0.194,0.00188,0.074,0.622,188.0,187543,9,146,587,2.49,8491262,345989,4.07
3ZIE8flTJ6WWn8wF0YzaaQ,Plástico,Willie Colón,Siembra,0,Salsa,Spotify,0.774,0.834,11,-4.427,1,0.076,0.051,0.00721,0.19,0.62,187.9,190494,11,149,596,2.65,791162,31240,3.95
6KC92RYZhJJfUlfhafEEnb,Privilegio - Remastered 2026,Rubén Blades,Doble Filo (Remastered 2026),0,Salsa,Spotify,0.756,0.897,0,-4.059,1,0.069,0.123,0.00029,0.086,0.589,170.0,215150,10,152,609,2.62,517567,18908,3.65
7mvgoSoN2klG8M68WZLrYq,No Quería Engañarte,Víctor Manuelle,Que Suenen los Tambores,0,Salsa,Spotify,0.727,0.881,6,-5.409,1,0.034,0.11,0.00354,0.158,0.897,192.3,231415,10,185,741,2.49,84969196,2697270,3.17
45nyOQWvhjn9bfAoTIKCuJ,Dile A Ella,Víctor Manuelle,Exitos de Victor Manuelle,0,Salsa,Spotify,0.789,0.816,11,-4.207,0,0.04,0.068,0.00878,0.164,0.722,189.3,246944,11,194,779,2.47,300323846,5334561,1.78
5nmLj87o23HJrI7GgqXXUw,Tengo Ganas,Víctor Manuelle,Travesia,0,Salsa,Spotify,0.711,0.874,0,-6.068,0,0.078,0.194,0.00188,0.074,0.622,188.0,187543,12,146,587,2.5,7999878,304604,3.81
236qXqcmitHCZ3SHoGZN8g,He Tratado,Víctor Manuelle,Exitos de Victor Manuelle,0,Salsa,Spotify,0.774,0.834,11,-4.427,1,0.076,0.051,0.00721,0.19,0.62,187.9,190494,10,149,596,2.49,300095245,13405134,4.47
4ZVgDysve5dcNK6TX84t8e,Apiádate de Mi,Víctor Manuelle,Exitos de Victor Manuelle,0,Salsa,Spotify,0.756,0.897,0,-4.059,1,0.069,0.123,0.00029,0.086,0.589,170.0,215150,11,152,609,2.6,500551,10020,2.0
3dUOVExxPh0nmE6DtYVWIE,Amores Como el Nuestro,Jerry Rivera,Cuenta Conmigo,0,Salsa,Spotify,0.789,0.816,11,-4.207,0,0.04,0.068,0.00878,0.164,0.722,189.3,246944,11,194,779,2.89,8244570,190473,2.31
68runhwF0SdEN1DFSadXWk,Anhelo,Adolescent's Orquesta,Reclamando Nuestro Espacio,0,Salsa,Spotify,0.711,0.874,0,-6.068,0,0.078,0.194,0.00188,0.074,0.622,188.0,187543,10,146,587,2.85,85061539,2052089,2.41
2ozSogNm6z9G2Uv6a9iji4,Te Va A Doler,Maelo Ruiz,En Tiempo De Amor,0,Salsa,Spotify,0.774,0.834,11,-4.427,1,0.076,0.051,0.00721,0.19,0.62,187.9,190494,10,149,596,2.88,7975349,141385,1.77
0sljB20lnodRcHT2il1m3J,Caricias Prohibidas,Viti Ruiz,Sedúceme,0,Salsa,Spotify,0.756,0.897,0,-4.059,1,0.069,0.123,0.00029,0.086,0.589,170.0,215150,10,152,609,2.65,450896,7699,1.71
7LMuasDvRrwulpdKMyukDl,Historia sin fin,Banda Machos,Historia sin fin,0,Quebradita,Spotify,0.766,0.853,0,-5.171,1,0.059,0.012,0.00709,0.118,0.642,226.0,217475,13,204,819,3.45,2098436,45107,2.15
2EiI77Zus1qAINPOxFTcyK,Un indio quiere llorar,Banda Machos,Sentimientos,0,Quebradita,Spotify,0.793,0.851,6,-3.828,0,0.032,0.089,0.00727,0.167,0.596,236.5,220558,9,217,869,3.56,60255978,1594697,2.65
6bJlR3XVNgAOIkKdiKkZz4,La culebra,Banda Machos,25 Bandazos de Machos (Vol. 1) [USA],0,Quebradita,Spotify,0.706,0.938,9,-5.198,1,0.056,0.069,0.00601,0.215,0.733,256.3,243097,9,259,1038,3.67,2092312,44551,2.13
5FFtF4qfE1fHDDp5EMe7Et,"Mi luna, mi estrella",Banda Machos,Los machos también lloran,0,Quebradita,Spotify,0.664,0.889,7,-6.269,1,0.052,0.021,0.00732,0.095,0.818,253.3,208744,12,220,881,3.62,2160338,48371,2.24
6sr4ax5EHAsAxC4jjEaZJ0,Me llamo Raquel,Banda Machos,La Reunión,0,Quebradita,Spotify,0.74,0.963,8,-5.523,0,0.05,0.018,0.00821,0.097,0.684,257.8,237062,10,254,1018,3.43,64279,1493,2.32
78co7RoLUD80KC22tCq6of,Eva Maria,Banda Maguey,La Estrella De Los Bailes,0,Quebradita,Spotify,0.766,0.853,0,-5.171,1,0.059,0.012,0.00709,0.118,0.642,226.0,217475,11,204,819,3.32,15017384,359935,2.4
0S3fsClMI9T26hpfwBdRqA,Tu Eterno Enamorado,Banda Maguey,Tu Eterno Enamorado,0,Quebradita,Spotify,0.706,0.938,9,-5.198,1,0.056,0.069,0.00601,0.215,0.733,256.3,243097,10,259,1038,3.74,15439642,325129,2.11
75bSNJJHThCGfQRGxXPMTZ,Si Tu No Estas,Banda Maguey,La Estrella De Los Bailes,0,Quebradita,Spotify,0.664,0.889,7,-6.269,1,0.052,0.021,0.00732,0.095,0.818,253.3,208744,10,220,881,3.48,60256196,918891,1.52
5BYaWUOhgcszqQ9plS6VYL,Tu Eterno Enamorado,Banda Maguey,Tu Eterno Enamorado,0,Quebradita,Spotify,0.74,0.963,8,-5.523,0,0.05,0.018,0.00821,0.097,0.684,257.8,237062,12,254,1018,3.72,15439642,325129,2.11
58gbs8nQ1b5okqg9jXON4x,Ramito De Violetas,Mi Banda El Mexicano,Su Majestad Mi Banda El Mexicano Con Ustedes...,0,Quebradita,Spotify,0.766,0.853,0,-5.171,1,0.059,0.012,0.00709,0.118,0.642,226.0,217475,10,204,819,3.5,348200,10331,2.97
2vyfYYA0JncCcrTQbAA9Q5,La Chela,Mi Banda El Mexicano,Su Majestad Mi Banda El Mexicano Con Ustedes...,0,Quebradita,Spotify,0.793,0.851,6,-3.828,0,0.032,0.089,0.00727,0.167,0.596,236.5,220558,9,217,869,3.34,15278734,505962,3.31
28If7KaffAjwCsKfQDmScA,No Bailes De Caballito,Mi Banda El Mexicano,A Bailar... De Caballito!!,0,Quebradita,Spotify,0.706,0.938,9,-5.198,1,0.056,0.069,0.00601,0.215,0.733,256.3,243097,13,259,1038,3.68,2386881,80314,3.36
2sWBABI42O6dzqQKXk10jo,Feliz Feliz,Mi Banda El Mexicano,Su Majestad Mi Banda El Mexicano Con Ustedes...,0,Quebradita,Spotify,0.664,0.889,7,-6.269,1,0.052,0.021,0.00732,0.095,0.818,253.3,208744,10,220,881,3.5,467838,8411,1.8
2m3Fqmw1mfs39KklPmjq79,Por Mi México (Remix),Lefty Sm,Por Mi México (Remix),0,Quebradita,Spotify,0.74,0.963,8,-5.523,0,0.05,0.018,0.00821,0.097,0.684,257.8,237062,9,254,1018,3.66,60036850,1254222,2.09
0JFOXqd9N6RlMaAFlaaqFw,Voy a Pintar Mi Raya,Banda Arkangel R-15,Tesoros De Coleccion,0,Quebradita,Spotify,0.766,0.853,0,-5.171,1,0.059,0.012,0.00709,0.118,0.642,226.0,217475,13,204,819,3.5,15446661,508713,3.29
2lhTouzgbJAu5ByMLMx73E,La 4 X 4,Banda Arkangel R-15,Tesoros De Coleccion,0,Quebradita,Spotify,0.793,0.851,6,-3.828,0,0.032,0.089,0.00727,0.167,0.596,236.5,220558,13,217,869,3.71,2330711,41234,1.77
0GCbv2fYRTV4eCtNswjD8f,A La Luz Del Dia,Banda Arkangel R-15,Mujeres Livianas,0,Quebradita,Spotify,0.706,0.938,9,-5.198,1,0.056,0.069,0.00601,0.215,0.733,256.3,243097,9,259,1038,3.69,2178118,50098,2.3
0AhrguZp4czhW89ZmYVvWS,Las Gargolas,Alex Gargolas,Las Gargolas,0,Quebradita,Spotify,0.664,0.889,7,-6.269,1,0.052,0.021,0.00732,0.095,0.818,253.3,208744,13,220,881,3.3,346469,8928,2.58
18optKwR6sqin1p2pX6RaH,El Hijo Del Señor,Junior H,Mi Vida En Un Cigarro 2,0,Quebradita,Spotify,0.74,0.963,8,-5.523,0,0.05,0.018,0.00821,0.097,0.684,257.8,237062,10,254,1018,3.63,285454,7636,2.68
5OwFcVt4icprLmc5bO9ruK,La nena,Banda Pequeños Musical,25 Bandazos de Pequeños Musical (Vol. 1) [USA],0,Quebradita,Spotify,0.766,0.853,0,-5.171,1,0.059,0.012,0.00709,0.118,0.642,226.0,217475,10,204,819,3.7,2116490,47275,2.23
0QQROQYcXIlFobzckwOdBx,Un loco solitario,Banda Pequeños Musical,Tenis Mágicos,0,Quebradita,Spotify,0.793,0.851,6,-3.828,0,0.032,0.089,0.00727,0.167,0.596,236.5,220558,10,217,869,3.46,2496164,78051,3.13
3jq17jcifw4s9ORbLxr4iJ,Reencuentro,Banda Pequeños Musical,Reencuentro,0,Quebradita,Spotify,0.706,0.938,9,-5.198,1,0.056,0.069,0.00601,0.215,0.733,256.3,243097,13,259,1038,3.51,15149225,252071,1.66
2yHKjT0dQOZJQlyIATUXit,Me equivoqué,Banda Pequeños Musical,25 Bandazos de Pequeños Musical (Vol. 1) [USA],0,Quebradita,Spotify,0.664,0.889,7,-6.269,1,0.052,0.021,0.00732,0.095,0.818,253.3,208744,11,220,881,3.31,1971708,66836,3.39
4nrNEbfKx82rBT4c3tBTJd,La Noche Que Murio Chicago,Banda Toro,La Noche Que Murio Chicago,0,Quebradita,Spotify,0.766,0.853,0,-5.171,1,0.059,0.012,0.00709,0.118,0.642,226.0,217475,11,204,819,3.57,15439278,415056,2.69
7wj9uIM1WvyOPUxFmEcvpY,La Ruca No Era Ruca,Banda Toro,La Noche Que Murio Chicago,0,Quebradita,Spotify,0.793,0.851,6,-3.828,0,0.032,0.089,0.00727,0.167,0.596,236.5,220558,12,217,869,3.21,359919,7190,2.0
1dpnYgl9aEzpaGL4uqm41B,La Lección,Banda Toro,La Noche Que Murio Chicago,0,Quebradita,Spotify,0.706,0.938,9,-5.198,1,0.056,0.069,0.00601,0.215,0.733,256.3,243097,13,259,1038,3.51,2494983,34009,1.36
2ykpZL5SZaefPAyUolKayB,La Noche Que Murio Chicago,Banda Toro,La Noche Que Murio Chicago,0,Quebradita,Spotify,0.664,0.889,7,-6.269,1,0.052,0.021,0.00732,0.095,0.818,253.3,208744,10,220,881,3.4,15439278,415056,2.69
4IMnHiK4j5yY0XWC9XmOcz,El Toro Mambo,Banda La Jaripera,Banda La Jaripera Vol.1,0,Quebradita,Spotify,0.74,0.963,8,-5.523,0,0.05,0.018,0.00821,0.097,0.684,257.8,237062,13,254,1018,3.42,15212328,321186,2.11
2nbq7IAJfYK9fuw5g2ePv3,La niña fresa,Banda Zeta,Fiesta Mexicana Con La Banda,0,Quebradita,Spotify,0.766,0.853,0,-5.171,1,0.059,0.012,0.00709,0.118,0.642,226.0,217475,12,204,819,3.43,2243495,77649,3.46
3awoHuOrcCKZTKQj0ICkLf,"Presumidas, S.a.",Banda Zeta,"Presumidas, S.a.",0,Quebradita,Spotify,0.793,0.851,6,-3.828,0,0.032,0.089,0.00727,0.167,0.596,236.5,220558,12,217,869,3.75,60112162,879083,1.46
7aGYG6w2hMxiJXot3LZVTS,Hotel California,Banda Zeta,Jacarandosa,0,Quebradita,Spotify,0.706,0.938,9,-5.198,1,0.056,0.069,0.00601,0.215,0.733,256.3,243097,10,259,1038,3.73,2223004,66820,3.01
35UoR8RpKtdvI2TUFVeKmU,Zapatos De Bailador,Banda Zeta,Jacarandosa,0,Quebradita,Spotify,0.664,0.889,7,-6.269,1,0.052,0.021,0.00732,0.095,0.818,253.3,208744,13,220,881,3.46,2011938,54563,2.71
3sgHiiSR5V8V97FiQtne0u,La Niña Fresa,Banda Zeta,Jacarandosa,0,Quebradita,Spotify,0.74,0.963,8,-5.523,0,0.05,0.018,0.00821,0.097,0.684,257.8,237062,11,254,1018,3.75,2243495,77649,3.46
4MeagrXRJb7XjSE8FK0n75,Si Tu Boquita Fuera,Banda R-15,15 Grandes Exitos,0,Quebradita,Spotify,0.793,0.851,6,-3.828,0,0.032,0.089,0.00727,0.167,0.596,236.5,220558,10,217,869,3.74,2246821,37943,1.69
5CZv6S7TGfadwOYIfDuTM9,15 A Galope,Banda R-15,La Pavorosa R-15,0,Quebradita,Spotify,0.706,0.938,9,-5.198,1,0.056,0.069,0.00601,0.215,0.733,256.3,243097,11,259,1038,3.22,15083416,522309,3.46
34eVjAbZ5CzAtZIVMDHL1C,El Karma,Ariel Camacho y Los Plebes Del Rancho,El Karma (Deluxe Version),0,Quebradita,Spotify,0.664,0.889,7,-6.269,1,0.052,0.021,0.00732,0.095,0.818,253.3,208744,13,220,881,3.78,60439147,2051334,3.39
0c27iEtApUClcQ44aZ4BIP,La Tanga,Oro Solido,Internacional,0,Quebradita,Spotify,0.74,0.963,8,-5.523,0,0.05,0.018,0.00821,0.097,0.684,257.8,237062,12,254,1018,3.55,152469,5237,3.43
6PCx6cIhPQgiPpS75kslme,Las Nachas,Banda Machos,Las Estrellas de la Musica Mexicana (USA),0,Quebradita,Spotify,0.793,0.851,6,-3.828,0,0.032,0.089,0.00727,0.167,0.596,236.5,220558,9,217,869,3.46,60042783,1949857,3.25
59xBqV0g4CBQSpEdzp7fZj,La Mera Mera,Banda Arkangel R-15,La 4 x 4,0,Quebradita,Spotify,0.706,0.938,9,-5.198,1,0.056,0.069,0.00601,0.215,0.733,256.3,243097,10,259,1038,3.38,59971936,1058177,1.76
0hyWESy54H99d9ho7S0Xnj,Paloma Ajena,La Banda Tecno De Beto Y Juan,Cumbia Con Clase,0,Quebradita,Spotify,0.664,0.889,7,-6.269,1,0.052,0.021,0.00732,0.095,0.818,253.3,208744,10,220,881,3.48,15228496,314718,2.07
2tS0iNc2QTb3ADhlAydiDa,Techno Cumbia,Selena,Amor Prohibido,0,Quebradita,Spotify,0.74,0.963,8,-5.523,0,0.05,0.018,0.00821,0.097,0.684,257.8,237062,9,254,1018,3.5,60068127,1996703,3.32
7IIl8ka3mm41AR54a1vSoL,La Quebradita,Los imponentes de tierra Mixteca,La Quebradita,0,Quebradita,Spotify,0.706,0.938,9,-5.198,1,0.056,0.069,0.00601,0.215,0.733,256.3,243097,13,259,1038,3.43,2279698,49093,2.15
6bcdb4TAFjU8QbNnPUYfRK,Quebraditas Mix,Banda Emperador Azteca,Quebraditas Mix,0,Quebradita,Spotify,0.664,0.889,7,-6.269,1,0.052,0.021,0.00732,0.095,0.818,253.3,208744,12,220,881,3.37,60474980,2004211,3.31
4E7YNkZ6YVNrb663DZvnUq,Quiébrala,Banda Movil,Péinate Y Vámonos,0,Quebradita,Spotify,0.766,0.853,0,-5.171,1,0.059,0.012,0.00709,0.118,0.642,226.0,217475,12,204,819,3.63,14996771,272214,1.82
72gWYoN7Wta4spLHOCI6Sd,Misa De Cuerpo Presente,Banda Movil,Misa De Cuerpo Presente,0,Quebradita,Spotify,0.706,0.938,9,-5.198,1,0.056,0.069,0.00601,0.215,0.733,256.3,243097,13,259,1038,3.66,15211670,372357,2.45
2iYIFcJsRJqve6j2YKJ91e,Chiquilla Cariñosa,Banda Movil,Ahy Te Va Kora,0,Quebradita,Spotify,0.664,0.889,7,-6.269,1,0.052,0.021,0.00732,0.095,0.818,253.3,208744,9,220,881,3.51,102870,1411,1.37
6WCNhbvFV2YunnE7kfSdnX,Misa De Cuerpo Presente,Banda Movil,Corridos Exclusivos... Sólo Corridos,0,Quebradita,Spotify,0.74,0.963,8,-5.523,0,0.05,0.018,0.00821,0.097,0.684,257.8,237062,11,254,1018,3.6,15211670,372357,2.45
sc_4257290114681759663,Bachata Sensual Remix - Dj Club Mix Vol 1,DJ Bachata Master,SoundCloud Release / Bootleg,79,Bachata,SoundCloud,0.797,0.693,1,-3.822,1,0.11,0.063,0.01348,0.234,0.837,119.6,255701,9,127,509,1.77,120114777,3545409,2.95
sc_4257290114681759664,Bachata Sensual Remix - Dj Club Mix Vol 2,DJ Bachata Master,SoundCloud Release / Bootleg,73,Bachata,SoundCloud,0.825,0.651,7,-4.229,1,0.063,0.241,0.04566,0.251,0.755,123.2,235667,8,120,483,2.14,120402623,2980240,2.48
sc_4257290114681759665,Bachata Sensual Remix - Dj Club Mix Vol 3,DJ Bachata Master,SoundCloud Release / Bootleg,80,Bachata,SoundCloud,0.838,0.688,1,-4.046,1,0.098,0.088,0.03001,0.293,0.805,125.4,277468,8,144,579,2.14,450192192,10776390,2.39
sc_4257290114681759666,Bachata Sensual Remix - Dj Club Mix Vol 4,DJ Bachata Master,SoundCloud Release / Bootleg,68,Bachata,SoundCloud,0.789,0.704,8,-4.669,0,0.051,0.083,0.0468,0.264,0.857,123.1,309078,8,158,634,1.92,119997963,2643873,2.2
sc_4257290114681759667,Bachata Sensual Remix - Dj Club Mix Vol 5,DJ Bachata Master,SoundCloud Release / Bootleg,66,Bachata,SoundCloud,0.877,0.766,6,-4.705,1,0.111,0.197,0.01198,0.144,0.66,124.0,270300,6,139,558,2.26,14995161,270617,1.8
sc_4257290114681759668,Bachata Sensual Remix - Dj Club Mix Vol 6,DJ Bachata Master,SoundCloud Release / Bootleg,79,Bachata,SoundCloud,0.842,0.611,6,-3.964,1,0.082,0.182,0.01714,0.325,0.808,119.8,308443,7,153,615,2.08,120207885,4358292,3.63
sc_4257290114681759669,Bachata Sensual Remix - Dj Club Mix Vol 7,DJ Bachata Master,SoundCloud Release / Bootleg,78,Bachata,SoundCloud,0.821,0.739,10,-3.6,1,0.076,0.108,0.03329,0.252,0.694,119.8,356605,6,178,712,1.79,15467553,470918,3.04
sc_4257290114681759670,Bachata Sensual Remix - Dj Club Mix Vol 8,DJ Bachata Master,SoundCloud Release / Bootleg,80,Bachata,SoundCloud,0.798,0.715,0,-4.889,0,0.116,0.114,0.01339,0.319,0.748,123.6,334365,7,172,688,1.83,120374255,2163771,1.8
sc_4257290114681759671,Bachata Sensual Remix - Dj Club Mix Vol 9,DJ Bachata Master,SoundCloud Release / Bootleg,76,Bachata,SoundCloud,0.849,0.611,4,-3.761,0,0.089,0.023,0.01911,0.276,0.892,120.1,245368,9,122,491,1.83,923341,31533,3.42
sc_4257290114681759672,Bachata Sensual Remix - Dj Club Mix Vol 10,DJ Bachata Master,SoundCloud Release / Bootleg,69,Bachata,SoundCloud,0.796,0.725,2,-5.485,1,0.067,0.079,0.00478,0.202,0.716,124.2,315834,8,163,653,1.64,119986789,3658843,3.05
sc_990644751567446305,Bachata Dominicana Clasica - Dj Club Mix Vol 1,DJ Bachata Master,SoundCloud Release / Bootleg,76,Bachata,SoundCloud,0.734,0.713,2,-3.666,0,0.057,0.051,0.04542,0.136,0.624,127.4,234411,7,124,497,1.82,120424478,4670962,3.88
sc_990644751567446306,Bachata Dominicana Clasica - Dj Club Mix Vol 2,DJ Bachata Master,SoundCloud Release / Bootleg,78,Bachata,SoundCloud,0.768,0.592,4,-5.368,1,0.119,0.05,0.01102,0.239,0.746,122.4,264491,6,134,539,1.88,610185,14085,2.31
sc_990644751567446307,Bachata Dominicana Clasica - Dj Club Mix Vol 3,DJ Bachata Master,SoundCloud Release / Bootleg,66,Bachata,SoundCloud,0.799,0.636,1,-4.312,1,0.118,0.062,0.01211,0.279,0.723,126.6,359949,9,189,759,2.07,120233505,4119937,3.43
sc_990644751567446308,Bachata Dominicana Clasica - Dj Club Mix Vol 4,DJ Bachata Master,SoundCloud Release / Bootleg,80,Bachata,SoundCloud,0.804,0.671,3,-5.293,0,0.09,0.048,0.03903,0.294,0.684,128.2,302342,9,161,646,1.77,120162629,2991467,2.49
sc_990644751567446309,Bachata Dominicana Clasica - Dj Club Mix Vol 5,DJ Bachata Master,SoundCloud Release / Bootleg,77,Bachata,SoundCloud,0.804,0.597,8,-3.997,1,0.08,0.09,0.01509,0.122,0.785,129.2,358588,9,193,772,1.99,635907,20646,3.25
sc_990644751567446310,Bachata Dominicana Clasica - Dj Club Mix Vol 6,DJ Bachata Master,SoundCloud Release / Bootleg,72,Bachata,SoundCloud,0.729,0.67,5,-3.22,0,0.081,0.055,0.00348,0.226,0.692,123.4,324494,9,166,667,1.62,450230491,11740548,2.61
sc_990644751567446311,Bachata Dominicana Clasica - Dj Club Mix Vol 7,DJ Bachata Master,SoundCloud Release / Bootleg,74,Bachata,SoundCloud,0.756,0.696,5,-4.329,0,0.066,0.117,0.03307,0.265,0.765,125.5,309958,7,162,648,1.96,15169983,577620,3.81
sc_990644751567446312,Bachata Dominicana Clasica - Dj Club Mix Vol 8,DJ Bachata Master,SoundCloud Release / Bootleg,77,Bachata,SoundCloud,0.794,0.581,11,-3.535,1,0.075,0.145,0.00076,0.219,0.749,125.2,323411,6,168,674,1.87,450413258,7743780,1.72
sc_990644751567446313,Bachata Dominicana Clasica - Dj Club Mix Vol 9,DJ Bachata Master,SoundCloud Release / Bootleg,80,Bachata,SoundCloud,0.728,0.576,2,-4.154,0,0.069,0.147,0.03911,0.277,0.889,129.7,228381,9,123,493,1.84,450399344,11178250,2.48
sc_990644751567446314,Bachata Dominicana Clasica - Dj Club Mix Vol 10,DJ Bachata Master,SoundCloud Release / Bootleg,78,Bachata,SoundCloud,0.818,0.704,1,-4.066,1,0.06,0.081,0.01014,0.317,0.706,128.0,271703,9,144,579,1.66,928179,23058,2.48
sc_3514824663344187009,Bachata Remix 2026 - Dj Club Mix Vol 1,DJ Bachata Master,SoundCloud Release / Bootleg,76,Bachata,SoundCloud,0.822,0.77,6,-3.155,1,0.058,0.178,0.00836,0.21,0.798,121.3,300811,8,152,608,1.87,15390914,482634,3.14
sc_3514824663344187010,Bachata Remix 2026 - Dj Club Mix Vol 2,DJ Bachata Master,SoundCloud Release / Bootleg,76,Bachata,SoundCloud,0.851,0.779,5,-4.599,1,0.074,0.177,0.03763,0.253,0.726,121.8,243691,7,123,494,1.66,120366117,3924966,3.26
sc_3514824663344187011,Bachata Remix 2026 - Dj Club Mix Vol 3,DJ Bachata Master,SoundCloud Release / Bootleg,63,Bachata,SoundCloud,0.835,0.62,10,-2.674,0,0.057,0.221,0.02164,0.321,0.751,120.4,307520,7,154,617,1.97,621773,17790,2.86
sc_3514824663344187012,Bachata Remix 2026 - Dj Club Mix Vol 4,DJ Bachata Master,SoundCloud Release / Bootleg,80,Bachata,SoundCloud,0.761,0.722,0,-3.598,0,0.077,0.057,0.0274,0.255,0.848,123.2,322570,6,165,662,1.68,119998919,3487777,2.91
sc_3514824663344187013,Bachata Remix 2026 - Dj Club Mix Vol 5,DJ Bachata Master,SoundCloud Release / Bootleg,81,Bachata,SoundCloud,0.778,0.625,5,-3.982,0,0.063,0.132,0.0015,0.322,0.635,123.6,293733,9,151,605,2.22,450292958,11564803,2.57
sc_3514824663344187014,Bachata Remix 2026 - Dj Club Mix Vol 6,DJ Bachata Master,SoundCloud Release / Bootleg,78,Bachata,SoundCloud,0.783,0.739,1,-2.863,1,0.073,0.203,0.02344,0.222,0.721,124.6,356065,8,184,739,1.99,450149692,7524451,1.67
sc_3514824663344187015,Bachata Remix 2026 - Dj Club Mix Vol 7,DJ Bachata Master,SoundCloud Release / Bootleg,79,Bachata,SoundCloud,0.874,0.646,4,-5.406,1,0.059,0.066,0.0344,0.314,0.745,118.8,283716,8,140,561,1.98,450048787,15058600,3.35
sc_3514824663344187016,Bachata Remix 2026 - Dj Club Mix Vol 8,DJ Bachata Master,SoundCloud Release / Bootleg,71,Bachata,SoundCloud,0.806,0.688,0,-4.347,0,0.092,0.221,0.04681,0.289,0.693,124.3,303702,6,157,629,2.26,699829,24142,3.45
sc_3514824663344187017,Bachata Remix 2026 - Dj Club Mix Vol 9,DJ Bachata Master,SoundCloud Release / Bootleg,77,Bachata,SoundCloud,0.832,0.736,1,-3.286,0,0.088,0.12,0.00032,0.131,0.734,125.0,347288,8,180,723,1.71,450261659,11524365,2.56
sc_3514824663344187018,Bachata Remix 2026 - Dj Club Mix Vol 10,DJ Bachata Master,SoundCloud Release / Bootleg,79,Bachata,SoundCloud,0.878,0.684,10,-4.613,1,0.108,0.076,0.02505,0.167,0.686,123.6,330116,7,170,680,1.88,15439431,603294,3.91
sc_6887939241144736010,Salsa Dura Brava - Dj Club Mix Vol 1,DJ Salsa Master,SoundCloud Release / Bootleg,80,Salsa,SoundCloud,0.746,0.826,0,-5.392,1,0.056,0.032,0.01511,0.273,0.699,190.4,216118,9,171,685,2.48,8428607,172723,2.05
sc_6887939241144736011,Salsa Dura Brava - Dj Club Mix Vol 2,DJ Salsa Master,SoundCloud Release / Bootleg,69,Salsa,SoundCloud,0.844,0.801,6,-4.374,0,0.109,0.195,0.04852,0.295,0.723,184.3,329584,8,253,1012,2.57,434836,17408,4.0
sc_6887939241144736012,Salsa Dura Brava - Dj Club Mix Vol 3,DJ Salsa Master,SoundCloud Release / Bootleg,80,Salsa,SoundCloud,0.772,0.917,3,-4.622,1,0.081,0.059,0.01493,0.185,0.705,186.1,209349,8,162,649,2.61,85018007,2048908,2.41
sc_6887939241144736013,Salsa Dura Brava - Dj Club Mix Vol 4,DJ Salsa Master,SoundCloud Release / Bootleg,69,Salsa,SoundCloud,0.766,0.908,3,-3.227,0,0.061,0.161,0.03264,0.209,0.731,198.4,317967,11,262,1051,2.76,8148464,128373,1.58
sc_6887939241144736014,Salsa Dura Brava - Dj Club Mix Vol 5,DJ Salsa Master,SoundCloud Release / Bootleg,71,Salsa,SoundCloud,0.831,0.814,7,-3.015,0,0.074,0.211,0.00144,0.185,0.828,183.3,269637,12,205,823,2.88,85182222,3535645,4.15
sc_6887939241144736015,Salsa Dura Brava - Dj Club Mix Vol 6,DJ Salsa Master,SoundCloud Release / Bootleg,79,Salsa,SoundCloud,0.828,0.825,0,-3.992,0,0.066,0.205,0.03987,0.273,0.678,198.7,246624,10,204,816,2.47,300063697,6643578,2.21
sc_6887939241144736016,Salsa Dura Brava - Dj Club Mix Vol 7,DJ Salsa Master,SoundCloud Release / Bootleg,78,Salsa,SoundCloud,0.787,0.793,9,-5.185,1,0.053,0.061,0.0425,0.204,0.722,171.4,233509,11,166,667,2.73,300442489,6189593,2.06
sc_6887939241144736017,Salsa Dura Brava - Dj Club Mix Vol 8,DJ Salsa Master,SoundCloud Release / Bootleg,77,Salsa,SoundCloud,0.784,0.785,9,-4.916,1,0.099,0.107,0.01105,0.297,0.712,197.7,271147,9,223,893,2.7,300170532,8984077,2.99
sc_6887939241144736018,Salsa Dura Brava - Dj Club Mix Vol 9,DJ Salsa Master,SoundCloud Release / Bootleg,61,Salsa,SoundCloud,0.803,0.929,3,-3.574,0,0.105,0.09,0.03377,0.332,0.622,197.4,233398,9,191,767,2.85,85025401,3034215,3.57
sc_6887939241144736019,Salsa Dura Brava - Dj Club Mix Vol 10,DJ Salsa Master,SoundCloud Release / Bootleg,66,Salsa,SoundCloud,0.792,0.89,0,-3.428,1,0.05,0.141,0.0009,0.305,0.888,180.4,331941,11,249,998,2.63,8254360,361418,4.38
sc_2906495289258741225,Salsa Romantica Mix - Dj Club Mix Vol 1,DJ Salsa Master,SoundCloud Release / Bootleg,79,Salsa,SoundCloud,0.855,0.892,1,-4.548,0,0.069,0.19,0.04982,0.193,0.644,183.4,301705,8,230,922,2.43,429353,8230,1.92
sc_2906495289258741226,Salsa Romantica Mix - Dj Club Mix Vol 2,DJ Salsa Master,SoundCloud Release / Bootleg,73,Salsa,SoundCloud,0.742,0.886,3,-2.8,0,0.099,0.083,0.02423,0.243,0.906,185.9,244334,11,189,757,2.59,300248764,10433989,3.48
sc_2906495289258741227,Salsa Romantica Mix - Dj Club Mix Vol 3,DJ Salsa Master,SoundCloud Release / Bootleg,68,Salsa,SoundCloud,0.777,0.881,10,-4.461,0,0.111,0.237,0.03211,0.261,0.673,187.0,326085,10,254,1016,2.62,300070843,9308211,3.1
sc_2906495289258741228,Salsa Romantica Mix - Dj Club Mix Vol 4,DJ Salsa Master,SoundCloud Release / Bootleg,80,Salsa,SoundCloud,0.783,0.93,9,-3.227,1,0.071,0.097,0.01186,0.241,0.702,196.8,282261,9,231,925,2.73,502918,21256,4.23
sc_2906495289258741229,Salsa Romantica Mix - Dj Club Mix Vol 5,DJ Salsa Master,SoundCloud Release / Bootleg,78,Salsa,SoundCloud,0.757,0.8,11,-3.745,1,0.115,0.114,0.03684,0.349,0.893,170.1,278214,9,197,788,2.64,8475256,183913,2.17
sc_2906495289258741230,Salsa Romantica Mix - Dj Club Mix Vol 6,DJ Salsa Master,SoundCloud Release / Bootleg,75,Salsa,SoundCloud,0.86,0.837,0,-5.207,0,0.102,0.165,0.02366,0.245,0.738,186.2,340468,11,264,1056,2.79,8441045,162875,1.93
sc_2906495289258741231,Salsa Romantica Mix - Dj Club Mix Vol 7,DJ Salsa Master,SoundCloud Release / Bootleg,80,Salsa,SoundCloud,0.744,0.932,3,-4.174,0,0.085,0.121,0.01406,0.2,0.917,196.1,208564,9,170,681,2.64,8258205,274201,3.32
sc_2906495289258741232,Salsa Romantica Mix - Dj Club Mix Vol 8,DJ Salsa Master,SoundCloud Release / Bootleg,77,Salsa,SoundCloud,0.819,0.936,3,-4.962,0,0.065,0.037,0.01625,0.335,0.902,172.9,209425,10,150,603,3.0,85318531,2504917,2.94
sc_2906495289258741233,Salsa Romantica Mix - Dj Club Mix Vol 9,DJ Salsa Master,SoundCloud Release / Bootleg,78,Salsa,SoundCloud,0.816,0.79,6,-2.82,1,0.056,0.129,0.02205,0.296,0.604,193.8,324190,9,261,1047,2.98,85270145,3347456,3.93
sc_2906495289258741234,Salsa Romantica Mix - Dj Club Mix Vol 10,DJ Salsa Master,SoundCloud Release / Bootleg,78,Salsa,SoundCloud,0.759,0.839,8,-4.871,0,0.098,0.137,0.00633,0.139,0.728,204.5,246063,9,209,838,2.68,300272405,12530562,4.17
sc_7427056789516313295,Salsa Baul Remix - Dj Club Mix Vol 1,DJ Salsa Master,SoundCloud Release / Bootleg,80,Salsa,SoundCloud,0.746,0.826,0,-5.392,1,0.056,0.032,0.01511,0.273,0.699,190.4,216118,9,171,685,2.96,84971377,3006873,3.54
sc_7427056789516313296,Salsa Baul Remix - Dj Club Mix Vol 2,DJ Salsa Master,SoundCloud Release / Bootleg,69,Salsa,SoundCloud,0.844,0.801,6,-4.374,0,0.109,0.195,0.04852,0.295,0.723,184.3,329584,12,253,1012,2.7,278347,6702,2.41
sc_7427056789516313297,Salsa Baul Remix - Dj Club Mix Vol 3,DJ Salsa Master,SoundCloud Release / Bootleg,80,Salsa,SoundCloud,0.772,0.917,3,-4.622,1,0.081,0.059,0.01493,0.185,0.705,186.1,209349,12,162,649,2.6,299996161,6368793,2.12
sc_7427056789516313298,Salsa Baul Remix - Dj Club Mix Vol 4,DJ Salsa Master,SoundCloud Release / Bootleg,69,Salsa,SoundCloud,0.766,0.908,3,-3.227,0,0.061,0.161,0.03264,0.209,0.731,198.4,317967,10,262,1051,2.76,8115120,322821,3.98
sc_7427056789516313299,Salsa Baul Remix - Dj Club Mix Vol 5,DJ Salsa Master,SoundCloud Release / Bootleg,71,Salsa,SoundCloud,0.831,0.814,7,-3.015,0,0.074,0.211,0.00144,0.185,0.828,183.3,269637,9,205,823,2.68,85445108,1451534,1.7
sc_7427056789516313300,Salsa Baul Remix - Dj Club Mix Vol 6,DJ Salsa Master,SoundCloud Release / Bootleg,79,Salsa,SoundCloud,0.828,0.825,0,-3.992,0,0.066,0.205,0.03987,0.273,0.678,198.7,246624,12,204,816,2.68,8057087,332318,4.12
sc_7427056789516313301,Salsa Baul Remix - Dj Club Mix Vol 7,DJ Salsa Master,SoundCloud Release / Bootleg,78,Salsa,SoundCloud,0.787,0.793,9,-5.185,1,0.053,0.061,0.0425,0.204,0.722,171.4,233509,11,166,667,2.7,84992995,2921915,3.44
sc_7427056789516313302,Salsa Baul Remix - Dj Club Mix Vol 8,DJ Salsa Master,SoundCloud Release / Bootleg,77,Salsa,SoundCloud,0.784,0.785,9,-4.916,1,0.099,0.107,0.01105,0.297,0.712,197.7,271147,8,223,893,2.51,594286,13592,2.29
sc_7427056789516313303,Salsa Baul Remix - Dj Club Mix Vol 9,DJ Salsa Master,SoundCloud Release / Bootleg,61,Salsa,SoundCloud,0.803,0.929,3,-3.574,0,0.105,0.09,0.03377,0.332,0.622,197.4,233398,10,191,767,2.87,85356067,2867041,3.36
sc_7427056789516313304,Salsa Baul Remix - Dj Club Mix Vol 10,DJ Salsa Master,SoundCloud Release / Bootleg,66,Salsa,SoundCloud,0.792,0.89,0,-3.428,1,0.05,0.141,0.0009,0.305,0.888,180.4,331941,9,249,998,2.63,8489929,302598,3.56
sc_8948640213164015441,Technobanda Mix - Dj Club Mix Vol 1,DJ Technobanda Master,SoundCloud Release / Bootleg,78,Quebradita,SoundCloud,0.762,0.979,10,-3.052,1,0.091,0.239,0.03364,0.129,0.869,258.6,336336,10,362,1449,3.57,60253352,1387078,2.3
sc_8948640213164015442,Technobanda Mix - Dj Club Mix Vol 2,DJ Technobanda Master,SoundCloud Release / Bootleg,73,Quebradita,SoundCloud,0.799,0.965,2,-5.15,1,0.086,0.129,0.0136,0.182,0.916,262.5,259371,13,283,1134,3.75,60003498,1117129,1.86
sc_8948640213164015443,Technobanda Mix - Dj Club Mix Vol 3,DJ Technobanda Master,SoundCloud Release / Bootleg,80,Quebradita,SoundCloud,0.749,0.949,1,-4.633,0,0.094,0.17,0.01344,0.135,0.847,246.8,206034,9,211,847,3.3,60331024,984563,1.63
sc_8948640213164015444,Technobanda Mix - Dj Club Mix Vol 4,DJ Technobanda Master,SoundCloud Release / Bootleg,80,Quebradita,SoundCloud,0.751,0.909,3,-3.619,1,0.044,0.175,0.00099,0.303,0.829,240.3,311987,9,312,1249,3.8,360095,8811,2.45
sc_8948640213164015445,Technobanda Mix - Dj Club Mix Vol 5,DJ Technobanda Master,SoundCloud Release / Bootleg,63,Quebradita,SoundCloud,0.796,0.897,2,-4.384,0,0.102,0.205,0.0393,0.256,0.813,252.6,257085,9,270,1082,3.5,15399320,194609,1.26
sc_8948640213164015446,Technobanda Mix - Dj Club Mix Vol 6,DJ Technobanda Master,SoundCloud Release / Bootleg,64,Quebradita,SoundCloud,0.752,0.935,9,-2.959,1,0.09,0.199,0.02297,0.207,0.693,249.5,315465,11,327,1311,3.24,60355082,1551263,2.57
sc_8948640213164015447,Technobanda Mix - Dj Club Mix Vol 7,DJ Technobanda Master,SoundCloud Release / Bootleg,79,Quebradita,SoundCloud,0.812,0.978,10,-3.351,0,0.096,0.141,0.03297,0.182,0.794,231.7,221605,13,213,855,3.61,15438952,510408,3.31
sc_8948640213164015448,Technobanda Mix - Dj Club Mix Vol 8,DJ Technobanda Master,SoundCloud Release / Bootleg,73,Quebradita,SoundCloud,0.77,0.932,9,-4.503,0,0.066,0.193,0.04949,0.259,0.847,260.8,302586,9,328,1315,3.2,60277918,1176712,1.95
sc_8948640213164015449,Technobanda Mix - Dj Club Mix Vol 9,DJ Technobanda Master,SoundCloud Release / Bootleg,65,Quebradita,SoundCloud,0.685,0.893,2,-3.159,0,0.114,0.154,0.03866,0.217,0.864,243.5,358381,10,363,1454,3.78,15335745,514559,3.36
sc_8948640213164015450,Technobanda Mix - Dj Club Mix Vol 10,DJ Technobanda Master,SoundCloud Release / Bootleg,71,Quebradita,SoundCloud,0.817,0.956,8,-4.379,1,0.071,0.204,0.00262,0.146,0.781,232.8,210197,12,203,815,3.64,59983761,957482,1.6
sc_565774035305177256,Zapateado Quebradita - Dj Club Mix Vol 1,DJ Zapateado Master,SoundCloud Release / Bootleg,63,Quebradita,SoundCloud,0.802,0.944,6,-4.942,0,0.052,0.08,0.03105,0.16,0.687,256.6,347203,12,371,1484,3.64,60169317,1974964,3.28
sc_565774035305177257,Zapateado Quebradita - Dj Club Mix Vol 2,DJ Zapateado Master,SoundCloud Release / Bootleg,75,Quebradita,SoundCloud,0.696,0.929,3,-5.014,1,0.093,0.103,0.01529,0.329,0.682,238.1,239740,11,237,951,3.33,258621,3193,1.23
sc_565774035305177258,Zapateado Quebradita - Dj Club Mix Vol 3,DJ Zapateado Master,SoundCloud Release / Bootleg,81,Quebradita,SoundCloud,0.734,0.99,11,-2.951,0,0.043,0.186,0.02105,0.22,0.69,261.5,260400,12,283,1134,3.79,15417245,492481,3.19
sc_565774035305177259,Zapateado Quebradita - Dj Club Mix Vol 4,DJ Zapateado Master,SoundCloud Release / Bootleg,79,Quebradita,SoundCloud,0.75,0.959,4,-2.81,1,0.106,0.209,0.00386,0.268,0.699,248.3,300878,9,311,1245,3.72,2391533,51541,2.16
sc_565774035305177260,Zapateado Quebradita - Dj Club Mix Vol 5,DJ Zapateado Master,SoundCloud Release / Bootleg,80,Quebradita,SoundCloud,0.786,0.953,3,-3.963,1,0.118,0.173,0.04298,0.253,0.639,256.3,293883,9,313,1255,3.54,200848,4115,2.05
sc_565774035305177261,Zapateado Quebradita - Dj Club Mix Vol 6,DJ Zapateado Master,SoundCloud Release / Bootleg,80,Quebradita,SoundCloud,0.772,0.946,8,-5.433,0,0.072,0.21,0.03563,0.143,0.869,245.4,315271,12,322,1289,3.59,60244290,1040398,1.73
sc_565774035305177262,Zapateado Quebradita - Dj Club Mix Vol 7,DJ Zapateado Master,SoundCloud Release / Bootleg,54,Quebradita,SoundCloud,0.773,0.952,3,-5.441,0,0.057,0.156,0.00818,0.312,0.848,235.9,314052,12,308,1234,3.73,15077447,358003,2.37
sc_565774035305177263,Zapateado Quebradita - Dj Club Mix Vol 8,DJ Zapateado Master,SoundCloud Release / Bootleg,78,Quebradita,SoundCloud,0.717,0.914,0,-4.855,0,0.065,0.033,0.01397,0.331,0.808,238.9,273474,10,272,1088,3.48,2350980,59819,2.54
sc_565774035305177264,Zapateado Quebradita - Dj Club Mix Vol 9,DJ Zapateado Master,SoundCloud Release / Bootleg,65,Quebradita,SoundCloud,0.723,0.916,3,-3.128,1,0.098,0.169,0.01836,0.237,0.848,234.4,215213,12,210,840,3.73,15260619,437987,2.87
sc_565774035305177265,Zapateado Quebradita - Dj Club Mix Vol 10,DJ Zapateado Master,SoundCloud Release / Bootleg,68,Quebradita,SoundCloud,0.746,0.969,5,-4.465,1,0.111,0.13,0.00952,0.178,0.844,263.5,359549,13,394,1579,3.63,60392683,2097261,3.47
sc_1266251756698483555,Banda Sinaloense Quebradita - Dj Club Mix Vol 1,DJ Banda Master,SoundCloud Release / Bootleg,77,Quebradita,SoundCloud,0.8,0.921,8,-3.238,1,0.105,0.043,0.04642,0.26,0.791,233.2,339299,12,329,1318,3.43,15230624,291305,1.91
sc_1266251756698483556,Banda Sinaloense Quebradita - Dj Club Mix Vol 2,DJ Banda Master,SoundCloud Release / Bootleg,79,Quebradita,SoundCloud,0.724,0.978,4,-3.846,0,0.101,0.054,0.02608,0.204,0.919,244.8,298368,10,304,1217,3.75,437771,12206,2.79
sc_1266251756698483557,Banda Sinaloense Quebradita - Dj Club Mix Vol 3,DJ Banda Master,SoundCloud Release / Bootleg,79,Quebradita,SoundCloud,0.733,0.88,4,-5.013,0,0.05,0.182,0.03641,0.332,0.75,237.8,279325,9,276,1107,3.57,59993154,2054448,3.42
sc_1266251756698483558,Banda Sinaloense Quebradita - Dj Club Mix Vol 4,DJ Banda Master,SoundCloud Release / Bootleg,73,Quebradita,SoundCloud,0.775,0.949,2,-3.153,1,0.111,0.207,0.03273,0.235,0.81,243.7,310361,13,315,1260,3.35,15423581,340664,2.21
sc_1266251756698483559,Banda Sinaloense Quebradita - Dj Club Mix Vol 5,DJ Banda Master,SoundCloud Release / Bootleg,76,Quebradita,SoundCloud,0.75,0.924,10,-2.91,0,0.106,0.049,0.02362,0.226,0.889,239.7,312315,10,311,1247,3.47,60497727,1610241,2.66
sc_1266251756698483560,Banda Sinaloense Quebradita - Dj Club Mix Vol 6,DJ Banda Master,SoundCloud Release / Bootleg,75,Quebradita,SoundCloud,0.812,0.897,6,-3.735,1,0.077,0.186,0.02796,0.324,0.914,239.9,316640,12,316,1266,3.45,15240194,458313,3.01
sc_1266251756698483561,Banda Sinaloense Quebradita - Dj Club Mix Vol 7,DJ Banda Master,SoundCloud Release / Bootleg,76,Quebradita,SoundCloud,0.708,0.949,0,-3.434,0,0.05,0.129,0.01953,0.213,0.72,240.2,312318,11,312,1250,3.27,390713,5726,1.47
sc_1266251756698483562,Banda Sinaloense Quebradita - Dj Club Mix Vol 8,DJ Banda Master,SoundCloud Release / Bootleg,80,Quebradita,SoundCloud,0.694,0.896,3,-3.398,1,0.058,0.17,0.02056,0.293,0.604,231.3,299387,13,288,1154,3.38,60130561,863542,1.44
sc_1266251756698483563,Banda Sinaloense Quebradita - Dj Club Mix Vol 9,DJ Banda Master,SoundCloud Release / Bootleg,80,Quebradita,SoundCloud,0.686,0.905,8,-3.655,0,0.083,0.189,0.04076,0.206,0.858,260.8,355536,12,386,1545,3.59,374872,9362,2.5
sc_1266251756698483564,Banda Sinaloense Quebradita - Dj Club Mix Vol 10,DJ Banda Master,SoundCloud Release / Bootleg,79,Quebradita,SoundCloud,0.766,0.955,3,-4.335,1,0.042,0.079,0.01571,0.141,0.662,240.9,240505,11,241,965,3.63,88202,1327,1.5
5PycBIeabfvX3n9ILG7Vrv,Propuesta Indecente,Romeo Santos,"Fórmula, Vol. 2 (Deluxe Edition)",0,Bachata,Spotify,0.794,0.605,3,-4.858,0,0.044,0.43,0.00433,0.145,0.895,126.9,225249,7,119,476,2.04,119950091,4641373,3.87
2swZ0X1njeU32SNJeBKIfW,Inmortal,Aventura,Utopia,0,Bachata,Spotify,0.816,0.634,2,-4.63,1,0.043,0.301,0.00667,0.149,0.824,125.3,215710,8,112,450,2.02,999338,31768,3.18
5GQIxPkd4OaLECpw8ZPZFm,Incondicional,Prince Royce,Phase II,0,Bachata,Spotify,0.816,0.634,2,-4.63,1,0.043,0.301,0.00667,0.149,0.824,125.3,215710,8,112,450,1.72,15032683,227412,1.51
3AtFytP0BAeQzVGmtNuFkd,Me Sobran Las Palabras,Zacarias Ferreira,Quédate Conmigo,0,Bachata,Spotify,0.794,0.605,3,-4.858,0,0.044,0.43,0.00433,0.145,0.895,126.9,225249,6,119,476,2.15,15377921,281704,1.83
1SNpWHwM3h9XvG34EHg8kZ,Si Pudiera,Zacarias Ferreira,Quiero Ser Tu Amor,0,Bachata,Spotify,0.816,0.634,2,-4.63,1,0.043,0.301,0.00667,0.149,0.824,125.3,215710,9,112,450,1.95,15193449,310431,2.04
1itsCwwxLuJj5IKTbkRmXv,Nade de Nada,Frank Reyes,Dejame Entrar En Ti,0,Bachata,Spotify,0.794,0.605,3,-4.858,0,0.044,0.43,0.00433,0.145,0.895,126.9,225249,7,119,476,1.77,14968294,333482,2.23
7BKHMJuES5tQRzgaDn5TnM,Me Dejaste Abandonado,Frank Reyes,Vine A Decirte Adios,0,Bachata,Spotify,0.816,0.634,2,-4.63,1,0.043,0.301,0.00667,0.149,0.824,125.3,215710,7,112,450,2.19,15040361,306466,2.04
329i927RgkHoLTSK6rRlDB,Monchy & Alexandra - Introduction Live,Monchy & Alexandra,En Vivo Desde Bellas Artes,0,Bachata,Spotify,0.816,0.634,2,-4.63,1,0.043,0.301,0.00667,0.149,0.824,125.3,215710,9,112,450,1.9,15057011,585517,3.89
2eMCoeD8MWC7sCTnMQTSkP,Si Tu Me Dejas,Luis Vargas,En Persona,0,Bachata,Spotify,0.794,0.605,3,-4.858,0,0.044,0.43,0.00433,0.145,0.895,126.9,225249,9,119,476,2.27,708513,27351,3.86
28y1hPwY2KStxcTLHgUR4s,Te Vas Amor,Anthony Santos,La Chupadera,0,Bachata,Spotify,0.816,0.634,2,-4.63,1,0.043,0.301,0.00667,0.149,0.824,125.3,215710,8,112,450,1.61,120467506,2575697,2.14
5aKtF99Easewgyk5JDuJAd,Esta Noche,Raulin Rodriguez,Escenas De Amor,0,Bachata,Spotify,0.816,0.634,2,-4.63,1,0.043,0.301,0.00667,0.149,0.824,125.3,215710,9,112,450,2.17,15259047,585903,3.84
6f0mjKCEXMn0et7DWMyMOr,La Bachata - Sensual Versión,DJC,La Bachata,0,Bachata,Spotify,0.808,0.684,5,-3.711,0,0.068,0.264,0.00851,0.101,0.827,129.1,186215,6,100,400,1.87,119956760,2474267,2.06
00Fp3Ytp0mNWkCN1tSkEch,BACHATA SENSUAL VOL 2,ImDjAngelo,BACHATA SENSUAL VOL 2,0,Bachata,Spotify,0.816,0.634,2,-4.63,1,0.043,0.301,0.00667,0.149,0.824,125.3,215710,8,112,450,2.28,120489154,2485655,2.06
3yEtuhGR8jOtusa29jWrhG,Tu Amor Me Hace Bien - Salsa Version,Marc Anthony,Valio La Pena,0,Salsa,Spotify,0.774,0.834,11,-4.427,1,0.076,0.051,0.00721,0.19,0.62,187.9,190494,9,149,596,2.83,8152854,341172,4.18
0qoQy26r8DWxTH5XWAmnc8,Periódico De Ayer,Héctor Lavoe,El Cantante De Los Cantantes,0,Salsa,Spotify,0.774,0.834,11,-4.427,1,0.076,0.051,0.00721,0.19,0.62,187.9,190494,11,149,596,2.75,85026312,3698984,4.35
5iwgEFKEktjBBZV3C9TTZj,Idilio,Willie Colón,Hecho En Puerto Rico,0,Salsa,Spotify,0.756,0.897,0,-4.059,1,0.069,0.123,0.00029,0.086,0.589,170.0,215150,12,152,609,2.62,300473351,10775942,3.59
54boAh4kcGhKk3A2lJoH4n,La Puerta,Gilberto Santa Rosa,Hablando Música: La Música de José Madera,0,Salsa,Spotify,0.774,0.834,11,-4.427,1,0.076,0.051,0.00721,0.19,0.62,187.9,190494,9,149,596,2.48,85286351,3013830,3.53
2uzCfFYh6tSNFdz14ZIf3N,La Negra Tiene Tumbao,Celia Cruz,La Negra Tiene Tumbao,0,Salsa,Spotify,0.774,0.834,11,-4.427,1,0.076,0.051,0.00721,0.19,0.62,187.9,190494,9,149,596,2.93,300436287,5682305,1.89
63knvuoSPpfzIwdDuWRSoV,Rie y Llora,Celia Cruz,Regalo Del Alma,0,Salsa,Spotify,0.756,0.897,0,-4.059,1,0.069,0.123,0.00029,0.086,0.589,170.0,215150,8,152,609,2.8,85124584,1799119,2.11
1A77GFUHMnQW1U6Z9pejg1,Es Mi Mujer,Tito Rojas,Pal Pueblo,0,Salsa,Spotify,0.774,0.834,11,-4.427,1,0.076,0.051,0.00721,0.19,0.62,187.9,190494,12,149,596,2.48,7967934,125356,1.57
2KdNSa9hgTH75XIDOCvHkC,Yo Quisiera,Oscar D'León,Papachango,0,Salsa,Spotify,0.711,0.874,0,-6.068,0,0.078,0.194,0.00188,0.074,0.622,188.0,187543,10,146,587,2.77,8400577,335112,3.99
5XveMgAM8Y52Hiq3wo7HI0,Que Se Sienta,Oscar D'León,Yo Soy,0,Salsa,Spotify,0.774,0.834,11,-4.427,1,0.076,0.051,0.00721,0.19,0.62,187.9,190494,11,149,596,2.79,347661,10875,3.13
0g9d2hcBECm8eOuxG9w5kH,Nuestro Sueño,Grupo Niche,The Best,0,Salsa,Spotify,0.711,0.874,0,-6.068,0,0.078,0.194,0.00188,0.074,0.622,188.0,187543,12,146,587,2.74,8079570,161628,2.0
5eAwwf6lvySYAwF06cZJM4,Nuestro Sueño,Grupo Niche,12 Años,0,Salsa,Spotify,0.756,0.897,0,-4.059,1,0.069,0.123,0.00029,0.086,0.589,170.0,215150,8,152,609,2.87,8079570,161628,2.0
2VK8hKsOHmWz6cHyPRtcOq,CON EL COMBO,Trueno,TURR4ZO,0,Salsa,Spotify,0.756,0.897,0,-4.059,1,0.069,0.123,0.00029,0.086,0.589,170.0,215150,9,152,609,2.41,8371705,205897,2.46
5EaBq61gf795V5bH8RV2zr,Manuela - Remastered 2025,Rubén Blades,Maestra Vida: Primera Parte (Remastered 2025),0,Salsa,Spotify,0.756,0.897,0,-4.059,1,0.069,0.123,0.00029,0.086,0.589,170.0,215150,8,152,609,2.83,299967086,11694363,3.9
5981zpjMYeKGoEQ6K9794L,Si Tú Me Besas,Víctor Manuelle,Busco Un Pueblo (Deluxe Edition),0,Salsa,Spotify,0.756,0.897,0,-4.059,1,0.069,0.123,0.00029,0.086,0.589,170.0,215150,11,152,609,2.77,85184126,3246871,3.81
6HJCGXNww93AIaaxUb7C3O,Mía,Eddie Santiago,De Verdad (15 Super Exitos),0,Salsa,Spotify,0.756,0.897,0,-4.059,1,0.069,0.123,0.00029,0.086,0.589,170.0,215150,11,152,609,2.74,407569,17407,4.27
0vaoXczFaer5PSDmQKRuyJ,Quebradita,Los imponentes de tierra Mixteca,Para zapatear,0,Quebradita,Spotify,0.664,0.889,7,-6.269,1,0.052,0.021,0.00732,0.095,0.818,253.3,208744,12,220,881,3.22,60011508,1052073,1.75
3qtsVB90KMoccHtSCbAHOE,Al gato y al ratón,Banda Machos,Sangre de indio,0,Quebradita,Spotify,0.74,0.963,8,-5.523,0,0.05,0.018,0.00821,0.097,0.684,257.8,237062,9,254,1018,3.26,15305837,270836,1.77
6HXKHHC9T5weilLjvaDXiP,Vamos A Bailar,Banda Maguey,La Estrella De Los Bailes,0,Quebradita,Spotify,0.74,0.963,8,-5.523,0,0.05,0.018,0.00821,0.097,0.684,257.8,237062,9,254,1018,3.62,400248,12570,3.14
2lzVPQxM5bAfrCvp28c0mv,Mi Banda el Mexicano - Remastered 2025,Mi Banda El Mexicano,Fuera de Serie (Remastered 2025),0,Quebradita,Spotify,0.74,0.963,8,-5.523,0,0.05,0.018,0.00821,0.097,0.684,257.8,237062,10,254,1018,3.29,2480137,37510,1.51
09OMWnWSppFZWzcIXUpQv8,Quisiera Saber Quien Es,Banda Arkangel R-15,La 4 x 4,0,Quebradita,Spotify,0.706,0.938,9,-5.198,1,0.056,0.069,0.00601,0.215,0.733,256.3,243097,12,259,1038,3.68,60288420,1679648,2.79
2tsvzxWyjyfLsrjWSK4R2v,Clave 7,Los Sementales de Nuevo León,Clave 7,0,Quebradita,Spotify,0.664,0.889,7,-6.269,1,0.052,0.021,0.00732,0.095,0.818,253.3,208744,9,220,881,3.27,2049204,24640,1.2
5an6zLElxCiCAEbeInEqRY,Y yo que te amo,Banda Pequeños Musical,Con paso sensual,0,Quebradita,Spotify,0.664,0.889,7,-6.269,1,0.052,0.021,0.00732,0.095,0.818,253.3,208744,11,220,881,3.33,152586,2893,1.9
1Bintm3VasQng30o97U9D3,El Toro Pinto,Banda Maguey,El Toro Pinto,0,Quebradita,Spotify,0.74,0.963,8,-5.523,0,0.05,0.018,0.00821,0.097,0.684,257.8,237062,12,254,1018,3.4,14983370,387941,2.59
0bXznJ4BNcGaOxNig3LNV5,Ritmo Chido,Banda Zeta,Mi Regreso Es Por Ti,0,Quebradita,Spotify,0.74,0.963,8,-5.523,0,0.05,0.018,0.00821,0.097,0.684,257.8,237062,12,254,1018,3.33,15293974,375070,2.45
1RAs2JUtIyFFPqa0QBTPMU,Arreando La Mula,Banda R-15,Arreando La Mula,0,Quebradita,Spotify,0.706,0.938,9,-5.198,1,0.056,0.069,0.00601,0.215,0.733,256.3,243097,10,259,1038,3.56,1978802,41493,2.1
35WJkCttojIOJSZ96kKfbx,TECHNO QUEBRADITA,Deorro,BOTAS & RAVE,0,Quebradita,Spotify,0.706,0.938,9,-5.198,1,0.056,0.069,0.00601,0.215,0.733,256.3,243097,12,259,1038,3.2,60479574,2062258,3.41
5Mbcyx1yEwcRh3P5Iv50QN,"Quebraditas Mix (La Quebradora, La Fea, El Farol, Vámonos de Fiesta)",Grupo Kilometro 24,Y Seguimos Adelande,0,Quebradita,Spotify,0.706,0.938,9,-5.198,1,0.056,0.069,0.00601,0.215,0.733,256.3,243097,9,259,1038,3.68,15089984,439214,2.91
61vOnqzd5neCHmjc5byjDy,Un Amor,Banda Movil,Un Amor...,0,Quebradita,Spotify,0.74,0.963,8,-5.523,0,0.05,0.018,0.00821,0.097,0.684,257.8,237062,10,254,1018,3.71,129425,3283,2.54
sc_7411335597135914735,Bachata Sensual Remix - Dj Club Mix Vol 1,DJ Bachata Master,SoundCloud Release / Bootleg,79,Bachata,SoundCloud,0.797,0.693,1,-3.822,1,0.11,0.063,0.01348,0.234,0.837,119.6,255701,7,127,509,2.07,120114777,3545409,2.95
sc_7411335597135914736,Bachata Sensual Remix - Dj Club Mix Vol 2,DJ Bachata Master,SoundCloud Release / Bootleg,73,Bachata,SoundCloud,0.825,0.651,7,-4.229,1,0.063,0.241,0.04566,0.251,0.755,123.2,235667,7,120,483,2.17,120402623,2980240,2.48
sc_7411335597135914737,Bachata Sensual Remix - Dj Club Mix Vol 3,DJ Bachata Master,SoundCloud Release / Bootleg,80,Bachata,SoundCloud,0.838,0.688,1,-4.046,1,0.098,0.088,0.03001,0.293,0.805,125.4,277468,7,144,579,1.82,450192192,10776390,2.39
sc_7411335597135914738,Bachata Sensual Remix - Dj Club Mix Vol 4,DJ Bachata Master,SoundCloud Release / Bootleg,68,Bachata,SoundCloud,0.789,0.704,8,-4.669,0,0.051,0.083,0.0468,0.264,0.857,123.1,309078,8,158,634,1.92,119997963,2643873,2.2
sc_7411335597135914739,Bachata Sensual Remix - Dj Club Mix Vol 5,DJ Bachata Master,SoundCloud Release / Bootleg,66,Bachata,SoundCloud,0.877,0.766,6,-4.705,1,0.111,0.197,0.01198,0.144,0.66,124.0,270300,9,139,558,2.04,14995161,270617,1.8
sc_7411335597135914740,Bachata Sensual Remix - Dj Club Mix Vol 6,DJ Bachata Master,SoundCloud Release / Bootleg,79,Bachata,SoundCloud,0.842,0.611,6,-3.964,1,0.082,0.182,0.01714,0.325,0.808,119.8,308443,8,153,615,1.8,120207885,4358292,3.63
sc_7411335597135914741,Bachata Sensual Remix - Dj Club Mix Vol 7,DJ Bachata Master,SoundCloud Release / Bootleg,78,Bachata,SoundCloud,0.821,0.739,10,-3.6,1,0.076,0.108,0.03329,0.252,0.694,119.8,356605,6,178,712,2.14,15467553,470918,3.04
sc_7411335597135914742,Bachata Sensual Remix - Dj Club Mix Vol 8,DJ Bachata Master,SoundCloud Release / Bootleg,80,Bachata,SoundCloud,0.798,0.715,0,-4.889,0,0.116,0.114,0.01339,0.319,0.748,123.6,334365,9,172,688,1.77,120374255,2163771,1.8
sc_7411335597135914743,Bachata Sensual Remix - Dj Club Mix Vol 9,DJ Bachata Master,SoundCloud Release / Bootleg,76,Bachata,SoundCloud,0.849,0.611,4,-3.761,0,0.089,0.023,0.01911,0.276,0.892,120.1,245368,7,122,491,2.29,923341,31533,3.42
sc_7411335597135914744,Bachata Sensual Remix - Dj Club Mix Vol 10,DJ Bachata Master,SoundCloud Release / Bootleg,69,Bachata,SoundCloud,0.796,0.725,2,-5.485,1,0.067,0.079,0.00478,0.202,0.716,124.2,315834,7,163,653,1.74,119986789,3658843,3.05
sc_8966235559112799221,Bachata Dominicana Clasica - Dj Club Mix Vol 1,DJ Bachata Master,SoundCloud Release / Bootleg,76,Bachata,SoundCloud,0.734,0.713,2,-3.666,0,0.057,0.051,0.04542,0.136,0.624,127.4,234411,9,124,497,1.76,120424478,4670962,3.88
sc_8966235559112799222,Bachata Dominicana Clasica - Dj Club Mix Vol 2,DJ Bachata Master,SoundCloud Release / Bootleg,78,Bachata,SoundCloud,0.768,0.592,4,-5.368,1,0.119,0.05,0.01102,0.239,0.746,122.4,264491,6,134,539,2.06,610185,14085,2.31
sc_8966235559112799223,Bachata Dominicana Clasica - Dj Club Mix Vol 3,DJ Bachata Master,SoundCloud Release / Bootleg,66,Bachata,SoundCloud,0.799,0.636,1,-4.312,1,0.118,0.062,0.01211,0.279,0.723,126.6,359949,7,189,759,2.21,120233505,4119937,3.43
sc_8966235559112799224,Bachata Dominicana Clasica - Dj Club Mix Vol 4,DJ Bachata Master,SoundCloud Release / Bootleg,80,Bachata,SoundCloud,0.804,0.671,3,-5.293,0,0.09,0.048,0.03903,0.294,0.684,128.2,302342,7,161,646,1.9,120162629,2991467,2.49
sc_8966235559112799225,Bachata Dominicana Clasica - Dj Club Mix Vol 5,DJ Bachata Master,SoundCloud Release / Bootleg,77,Bachata,SoundCloud,0.804,0.597,8,-3.997,1,0.08,0.09,0.01509,0.122,0.785,129.2,358588,9,193,772,1.87,635907,20646,3.25
sc_8966235559112799226,Bachata Dominicana Clasica - Dj Club Mix Vol 6,DJ Bachata Master,SoundCloud Release / Bootleg,72,Bachata,SoundCloud,0.729,0.67,5,-3.22,0,0.081,0.055,0.00348,0.226,0.692,123.4,324494,6,166,667,2.21,450230491,11740548,2.61
sc_8966235559112799227,Bachata Dominicana Clasica - Dj Club Mix Vol 7,DJ Bachata Master,SoundCloud Release / Bootleg,74,Bachata,SoundCloud,0.756,0.696,5,-4.329,0,0.066,0.117,0.03307,0.265,0.765,125.5,309958,6,162,648,1.95,15169983,577620,3.81
sc_8966235559112799228,Bachata Dominicana Clasica - Dj Club Mix Vol 8,DJ Bachata Master,SoundCloud Release / Bootleg,77,Bachata,SoundCloud,0.794,0.581,11,-3.535,1,0.075,0.145,0.00076,0.219,0.749,125.2,323411,7,168,674,1.89,450413258,7743780,1.72
sc_8966235559112799229,Bachata Dominicana Clasica - Dj Club Mix Vol 9,DJ Bachata Master,SoundCloud Release / Bootleg,80,Bachata,SoundCloud,0.728,0.576,2,-4.154,0,0.069,0.147,0.03911,0.277,0.889,129.7,228381,8,123,493,1.69,450399344,11178250,2.48
sc_8966235559112799230,Bachata Dominicana Clasica - Dj Club Mix Vol 10,DJ Bachata Master,SoundCloud Release / Bootleg,78,Bachata,SoundCloud,0.818,0.704,1,-4.066,1,0.06,0.081,0.01014,0.317,0.706,128.0,271703,8,144,579,2.04,928179,23058,2.48
sc_5201574204900082039,Bachata Remix 2026 - Dj Club Mix Vol 1,DJ Bachata Master,SoundCloud Release / Bootleg,76,Bachata,SoundCloud,0.822,0.77,6,-3.155,1,0.058,0.178,0.00836,0.21,0.798,121.3,300811,7,152,608,2.09,15390914,482634,3.14
sc_5201574204900082040,Bachata Remix 2026 - Dj Club Mix Vol 2,DJ Bachata Master,SoundCloud Release / Bootleg,76,Bachata,SoundCloud,0.851,0.779,5,-4.599,1,0.074,0.177,0.03763,0.253,0.726,121.8,243691,8,123,494,2.26,120366117,3924966,3.26
sc_5201574204900082041,Bachata Remix 2026 - Dj Club Mix Vol 3,DJ Bachata Master,SoundCloud Release / Bootleg,63,Bachata,SoundCloud,0.835,0.62,10,-2.674,0,0.057,0.221,0.02164,0.321,0.751,120.4,307520,9,154,617,1.83,621773,17790,2.86
sc_5201574204900082042,Bachata Remix 2026 - Dj Club Mix Vol 4,DJ Bachata Master,SoundCloud Release / Bootleg,80,Bachata,SoundCloud,0.761,0.722,0,-3.598,0,0.077,0.057,0.0274,0.255,0.848,123.2,322570,7,165,662,1.61,119998919,3487777,2.91
sc_5201574204900082043,Bachata Remix 2026 - Dj Club Mix Vol 5,DJ Bachata Master,SoundCloud Release / Bootleg,81,Bachata,SoundCloud,0.778,0.625,5,-3.982,0,0.063,0.132,0.0015,0.322,0.635,123.6,293733,6,151,605,1.92,450292958,11564803,2.57
sc_5201574204900082044,Bachata Remix 2026 - Dj Club Mix Vol 6,DJ Bachata Master,SoundCloud Release / Bootleg,78,Bachata,SoundCloud,0.783,0.739,1,-2.863,1,0.073,0.203,0.02344,0.222,0.721,124.6,356065,8,184,739,2.17,450149692,7524451,1.67
sc_5201574204900082045,Bachata Remix 2026 - Dj Club Mix Vol 7,DJ Bachata Master,SoundCloud Release / Bootleg,79,Bachata,SoundCloud,0.874,0.646,4,-5.406,1,0.059,0.066,0.0344,0.314,0.745,118.8,283716,8,140,561,1.87,450048787,15058600,3.35
sc_5201574204900082046,Bachata Remix 2026 - Dj Club Mix Vol 8,DJ Bachata Master,SoundCloud Release / Bootleg,71,Bachata,SoundCloud,0.806,0.688,0,-4.347,0,0.092,0.221,0.04681,0.289,0.693,124.3,303702,8,157,629,2.06,699829,24142,3.45
sc_5201574204900082047,Bachata Remix 2026 - Dj Club Mix Vol 9,DJ Bachata Master,SoundCloud Release / Bootleg,77,Bachata,SoundCloud,0.832,0.736,1,-3.286,0,0.088,0.12,0.00032,0.131,0.734,125.0,347288,9,180,723,1.61,450261659,11524365,2.56
sc_5201574204900082048,Bachata Remix 2026 - Dj Club Mix Vol 10,DJ Bachata Master,SoundCloud Release / Bootleg,79,Bachata,SoundCloud,0.878,0.684,10,-4.613,1,0.108,0.076,0.02505,0.167,0.686,123.6,330116,7,170,680,2.13,15439431,603294,3.91
sc_8969392280183611447,Salsa Dura Brava - Dj Club Mix Vol 1,DJ Salsa Master,SoundCloud Release / Bootleg,80,Salsa,SoundCloud,0.746,0.826,0,-5.392,1,0.056,0.032,0.01511,0.273,0.699,190.4,216118,9,171,685,2.66,8428607,172723,2.05
sc_8969392280183611448,Salsa Dura Brava - Dj Club Mix Vol 2,DJ Salsa Master,SoundCloud Release / Bootleg,69,Salsa,SoundCloud,0.844,0.801,6,-4.374,0,0.109,0.195,0.04852,0.295,0.723,184.3,329584,12,253,1012,2.57,434836,17408,4.0
sc_8969392280183611449,Salsa Dura Brava - Dj Club Mix Vol 3,DJ Salsa Master,SoundCloud Release / Bootleg,80,Salsa,SoundCloud,0.772,0.917,3,-4.622,1,0.081,0.059,0.01493,0.185,0.705,186.1,209349,11,162,649,2.61,85018007,2048908,2.41
sc_8969392280183611450,Salsa Dura Brava - Dj Club Mix Vol 4,DJ Salsa Master,SoundCloud Release / Bootleg,69,Salsa,SoundCloud,0.766,0.908,3,-3.227,0,0.061,0.161,0.03264,0.209,0.731,198.4,317967,11,262,1051,2.49,8148464,128373,1.58
sc_8969392280183611451,Salsa Dura Brava - Dj Club Mix Vol 5,DJ Salsa Master,SoundCloud Release / Bootleg,71,Salsa,SoundCloud,0.831,0.814,7,-3.015,0,0.074,0.211,0.00144,0.185,0.828,183.3,269637,11,205,823,2.94,85182222,3535645,4.15
sc_8969392280183611452,Salsa Dura Brava - Dj Club Mix Vol 6,DJ Salsa Master,SoundCloud Release / Bootleg,79,Salsa,SoundCloud,0.828,0.825,0,-3.992,0,0.066,0.205,0.03987,0.273,0.678,198.7,246624,12,204,816,2.87,300063697,6643578,2.21
sc_8969392280183611453,Salsa Dura Brava - Dj Club Mix Vol 7,DJ Salsa Master,SoundCloud Release / Bootleg,78,Salsa,SoundCloud,0.787,0.793,9,-5.185,1,0.053,0.061,0.0425,0.204,0.722,171.4,233509,8,166,667,2.78,300442489,6189593,2.06
sc_8969392280183611454,Salsa Dura Brava - Dj Club Mix Vol 8,DJ Salsa Master,SoundCloud Release / Bootleg,77,Salsa,SoundCloud,0.784,0.785,9,-4.916,1,0.099,0.107,0.01105,0.297,0.712,197.7,271147,10,223,893,2.56,300170532,8984077,2.99
sc_8969392280183611455,Salsa Dura Brava - Dj Club Mix Vol 9,DJ Salsa Master,SoundCloud Release / Bootleg,61,Salsa,SoundCloud,0.803,0.929,3,-3.574,0,0.105,0.09,0.03377,0.332,0.622,197.4,233398,9,191,767,3.0,85025401,3034215,3.57
sc_8969392280183611456,Salsa Dura Brava - Dj Club Mix Vol 10,DJ Salsa Master,SoundCloud Release / Bootleg,66,Salsa,SoundCloud,0.792,0.89,0,-3.428,1,0.05,0.141,0.0009,0.305,0.888,180.4,331941,12,249,998,2.51,8254360,361418,4.38
sc_4904421361440594875,Salsa Romantica Mix - Dj Club Mix Vol 1,DJ Salsa Master,SoundCloud Release / Bootleg,79,Salsa,SoundCloud,0.855,0.892,1,-4.548,0,0.069,0.19,0.04982,0.193,0.644,183.4,301705,9,230,922,2.7,429353,8230,1.92
sc_4904421361440594876,Salsa Romantica Mix - Dj Club Mix Vol 2,DJ Salsa Master,SoundCloud Release / Bootleg,73,Salsa,SoundCloud,0.742,0.886,3,-2.8,0,0.099,0.083,0.02423,0.243,0.906,185.9,244334,12,189,757,2.92,300248764,10433989,3.48
sc_4904421361440594877,Salsa Romantica Mix - Dj Club Mix Vol 3,DJ Salsa Master,SoundCloud Release / Bootleg,68,Salsa,SoundCloud,0.777,0.881,10,-4.461,0,0.111,0.237,0.03211,0.261,0.673,187.0,326085,8,254,1016,2.74,300070843,9308211,3.1
sc_4904421361440594878,Salsa Romantica Mix - Dj Club Mix Vol 4,DJ Salsa Master,SoundCloud Release / Bootleg,80,Salsa,SoundCloud,0.783,0.93,9,-3.227,1,0.071,0.097,0.01186,0.241,0.702,196.8,282261,10,231,925,2.45,502918,21256,4.23
sc_4904421361440594879,Salsa Romantica Mix - Dj Club Mix Vol 5,DJ Salsa Master,SoundCloud Release / Bootleg,78,Salsa,SoundCloud,0.757,0.8,11,-3.745,1,0.115,0.114,0.03684,0.349,0.893,170.1,278214,8,197,788,2.93,8475256,183913,2.17
sc_4904421361440594880,Salsa Romantica Mix - Dj Club Mix Vol 6,DJ Salsa Master,SoundCloud Release / Bootleg,75,Salsa,SoundCloud,0.86,0.837,0,-5.207,0,0.102,0.165,0.02366,0.245,0.738,186.2,340468,10,264,1056,2.93,8441045,162875,1.93
sc_4904421361440594881,Salsa Romantica Mix - Dj Club Mix Vol 7,DJ Salsa Master,SoundCloud Release / Bootleg,80,Salsa,SoundCloud,0.744,0.932,3,-4.174,0,0.085,0.121,0.01406,0.2,0.917,196.1,208564,8,170,681,2.56,8258205,274201,3.32
sc_4904421361440594882,Salsa Romantica Mix - Dj Club Mix Vol 8,DJ Salsa Master,SoundCloud Release / Bootleg,77,Salsa,SoundCloud,0.819,0.936,3,-4.962,0,0.065,0.037,0.01625,0.335,0.902,172.9,209425,11,150,603,2.45,85318531,2504917,2.94
sc_4904421361440594883,Salsa Romantica Mix - Dj Club Mix Vol 9,DJ Salsa Master,SoundCloud Release / Bootleg,78,Salsa,SoundCloud,0.816,0.79,6,-2.82,1,0.056,0.129,0.02205,0.296,0.604,193.8,324190,9,261,1047,2.71,85270145,3347456,3.93
sc_4904421361440594884,Salsa Romantica Mix - Dj Club Mix Vol 10,DJ Salsa Master,SoundCloud Release / Bootleg,78,Salsa,SoundCloud,0.759,0.839,8,-4.871,0,0.098,0.137,0.00633,0.139,0.728,204.5,246063,12,209,838,2.71,300272405,12530562,4.17
sc_5432490071138503327,Salsa Baul Remix - Dj Club Mix Vol 1,DJ Salsa Master,SoundCloud Release / Bootleg,80,Salsa,SoundCloud,0.746,0.826,0,-5.392,1,0.056,0.032,0.01511,0.273,0.699,190.4,216118,11,171,685,2.51,84971377,3006873,3.54
sc_5432490071138503328,Salsa Baul Remix - Dj Club Mix Vol 2,DJ Salsa Master,SoundCloud Release / Bootleg,69,Salsa,SoundCloud,0.844,0.801,6,-4.374,0,0.109,0.195,0.04852,0.295,0.723,184.3,329584,9,253,1012,2.6,278347,6702,2.41
sc_5432490071138503329,Salsa Baul Remix - Dj Club Mix Vol 3,DJ Salsa Master,SoundCloud Release / Bootleg,80,Salsa,SoundCloud,0.772,0.917,3,-4.622,1,0.081,0.059,0.01493,0.185,0.705,186.1,209349,11,162,649,2.41,299996161,6368793,2.12
sc_5432490071138503330,Salsa Baul Remix - Dj Club Mix Vol 4,DJ Salsa Master,SoundCloud Release / Bootleg,69,Salsa,SoundCloud,0.766,0.908,3,-3.227,0,0.061,0.161,0.03264,0.209,0.731,198.4,317967,8,262,1051,2.51,8115120,322821,3.98
sc_5432490071138503331,Salsa Baul Remix - Dj Club Mix Vol 5,DJ Salsa Master,SoundCloud Release / Bootleg,71,Salsa,SoundCloud,0.831,0.814,7,-3.015,0,0.074,0.211,0.00144,0.185,0.828,183.3,269637,12,205,823,2.91,85445108,1451534,1.7
sc_5432490071138503332,Salsa Baul Remix - Dj Club Mix Vol 6,DJ Salsa Master,SoundCloud Release / Bootleg,79,Salsa,SoundCloud,0.828,0.825,0,-3.992,0,0.066,0.205,0.03987,0.273,0.678,198.7,246624,10,204,816,2.89,8057087,332318,4.12
sc_5432490071138503333,Salsa Baul Remix - Dj Club Mix Vol 7,DJ Salsa Master,SoundCloud Release / Bootleg,78,Salsa,SoundCloud,0.787,0.793,9,-5.185,1,0.053,0.061,0.0425,0.204,0.722,171.4,233509,10,166,667,2.87,84992995,2921915,3.44
sc_5432490071138503334,Salsa Baul Remix - Dj Club Mix Vol 8,DJ Salsa Master,SoundCloud Release / Bootleg,77,Salsa,SoundCloud,0.784,0.785,9,-4.916,1,0.099,0.107,0.01105,0.297,0.712,197.7,271147,9,223,893,2.73,594286,13592,2.29
sc_5432490071138503335,Salsa Baul Remix - Dj Club Mix Vol 9,DJ Salsa Master,SoundCloud Release / Bootleg,61,Salsa,SoundCloud,0.803,0.929,3,-3.574,0,0.105,0.09,0.03377,0.332,0.622,197.4,233398,12,191,767,2.86,85356067,2867041,3.36
sc_5432490071138503336,Salsa Baul Remix - Dj Club Mix Vol 10,DJ Salsa Master,SoundCloud Release / Bootleg,66,Salsa,SoundCloud,0.792,0.89,0,-3.428,1,0.05,0.141,0.0009,0.305,0.888,180.4,331941,9,249,998,2.78,8489929,302598,3.56
sc_1172988606033105339,Technobanda Mix - Dj Club Mix Vol 1,DJ Technobanda Master,SoundCloud Release / Bootleg,78,Quebradita,SoundCloud,0.762,0.979,10,-3.052,1,0.091,0.239,0.03364,0.129,0.869,258.6,336336,12,362,1449,3.41,60253352,1387078,2.3
sc_1172988606033105340,Technobanda Mix - Dj Club Mix Vol 2,DJ Technobanda Master,SoundCloud Release / Bootleg,73,Quebradita,SoundCloud,0.799,0.965,2,-5.15,1,0.086,0.129,0.0136,0.182,0.916,262.5,259371,10,283,1134,3.42,60003498,1117129,1.86
sc_1172988606033105341,Technobanda Mix - Dj Club Mix Vol 3,DJ Technobanda Master,SoundCloud Release / Bootleg,80,Quebradita,SoundCloud,0.749,0.949,1,-4.633,0,0.094,0.17,0.01344,0.135,0.847,246.8,206034,12,211,847,3.47,60331024,984563,1.63
sc_1172988606033105342,Technobanda Mix - Dj Club Mix Vol 4,DJ Technobanda Master,SoundCloud Release / Bootleg,80,Quebradita,SoundCloud,0.751,0.909,3,-3.619,1,0.044,0.175,0.00099,0.303,0.829,240.3,311987,10,312,1249,3.34,360095,8811,2.45
sc_1172988606033105343,Technobanda Mix - Dj Club Mix Vol 5,DJ Technobanda Master,SoundCloud Release / Bootleg,63,Quebradita,SoundCloud,0.796,0.897,2,-4.384,0,0.102,0.205,0.0393,0.256,0.813,252.6,257085,12,270,1082,3.47,15399320,194609,1.26
sc_1172988606033105344,Technobanda Mix - Dj Club Mix Vol 6,DJ Technobanda Master,SoundCloud Release / Bootleg,64,Quebradita,SoundCloud,0.752,0.935,9,-2.959,1,0.09,0.199,0.02297,0.207,0.693,249.5,315465,11,327,1311,3.73,60355082,1551263,2.57
sc_1172988606033105345,Technobanda Mix - Dj Club Mix Vol 7,DJ Technobanda Master,SoundCloud Release / Bootleg,79,Quebradita,SoundCloud,0.812,0.978,10,-3.351,0,0.096,0.141,0.03297,0.182,0.794,231.7,221605,13,213,855,3.67,15438952,510408,3.31
sc_1172988606033105346,Technobanda Mix - Dj Club Mix Vol 8,DJ Technobanda Master,SoundCloud Release / Bootleg,73,Quebradita,SoundCloud,0.77,0.932,9,-4.503,0,0.066,0.193,0.04949,0.259,0.847,260.8,302586,13,328,1315,3.67,60277918,1176712,1.95
sc_1172988606033105347,Technobanda Mix - Dj Club Mix Vol 9,DJ Technobanda Master,SoundCloud Release / Bootleg,65,Quebradita,SoundCloud,0.685,0.893,2,-3.159,0,0.114,0.154,0.03866,0.217,0.864,243.5,358381,12,363,1454,3.53,15335745,514559,3.36
sc_1172988606033105348,Technobanda Mix - Dj Club Mix Vol 10,DJ Technobanda Master,SoundCloud Release / Bootleg,71,Quebradita,SoundCloud,0.817,0.956,8,-4.379,1,0.071,0.204,0.00262,0.146,0.781,232.8,210197,10,203,815,3.67,59983761,957482,1.6
sc_9133482032908853055,Zapateado Quebradita - Dj Club Mix Vol 1,DJ Zapateado Master,SoundCloud Release / Bootleg,63,Quebradita,SoundCloud,0.802,0.944,6,-4.942,0,0.052,0.08,0.03105,0.16,0.687,256.6,347203,13,371,1484,3.79,60169317,1974964,3.28
sc_9133482032908853056,Zapateado Quebradita - Dj Club Mix Vol 2,DJ Zapateado Master,SoundCloud Release / Bootleg,75,Quebradita,SoundCloud,0.696,0.929,3,-5.014,1,0.093,0.103,0.01529,0.329,0.682,238.1,239740,10,237,951,3.5,258621,3193,1.23
sc_9133482032908853057,Zapateado Quebradita - Dj Club Mix Vol 3,DJ Zapateado Master,SoundCloud Release / Bootleg,81,Quebradita,SoundCloud,0.734,0.99,11,-2.951,0,0.043,0.186,0.02105,0.22,0.69,261.5,260400,11,283,1134,3.63,15417245,492481,3.19
sc_9133482032908853058,Zapateado Quebradita - Dj Club Mix Vol 4,DJ Zapateado Master,SoundCloud Release / Bootleg,79,Quebradita,SoundCloud,0.75,0.959,4,-2.81,1,0.106,0.209,0.00386,0.268,0.699,248.3,300878,11,311,1245,3.36,2391533,51541,2.16
sc_9133482032908853059,Zapateado Quebradita - Dj Club Mix Vol 5,DJ Zapateado Master,SoundCloud Release / Bootleg,80,Quebradita,SoundCloud,0.786,0.953,3,-3.963,1,0.118,0.173,0.04298,0.253,0.639,256.3,293883,9,313,1255,3.6,200848,4115,2.05
sc_9133482032908853060,Zapateado Quebradita - Dj Club Mix Vol 6,DJ Zapateado Master,SoundCloud Release / Bootleg,80,Quebradita,SoundCloud,0.772,0.946,8,-5.433,0,0.072,0.21,0.03563,0.143,0.869,245.4,315271,12,322,1289,3.26,60244290,1040398,1.73
sc_9133482032908853061,Zapateado Quebradita - Dj Club Mix Vol 7,DJ Zapateado Master,SoundCloud Release / Bootleg,54,Quebradita,SoundCloud,0.773,0.952,3,-5.441,0,0.057,0.156,0.00818,0.312,0.848,235.9,314052,12,308,1234,3.34,15077447,358003,2.37
sc_9133482032908853062,Zapateado Quebradita - Dj Club Mix Vol 8,DJ Zapateado Master,SoundCloud Release / Bootleg,78,Quebradita,SoundCloud,0.717,0.914,0,-4.855,0,0.065,0.033,0.01397,0.331,0.808,238.9,273474,13,272,1088,3.32,2350980,59819,2.54
sc_9133482032908853063,Zapateado Quebradita - Dj Club Mix Vol 9,DJ Zapateado Master,SoundCloud Release / Bootleg,65,Quebradita,SoundCloud,0.723,0.916,3,-3.128,1,0.098,0.169,0.01836,0.237,0.848,234.4,215213,13,210,840,3.73,15260619,437987,2.87
sc_9133482032908853064,Zapateado Quebradita - Dj Club Mix Vol 10,DJ Zapateado Master,SoundCloud Release / Bootleg,68,Quebradita,SoundCloud,0.746,0.969,5,-4.465,1,0.111,0.13,0.00952,0.178,0.844,263.5,359549,10,394,1579,3.57,60392683,2097261,3.47
sc_4158229292311115620,Banda Sinaloense Quebradita - Dj Club Mix Vol 1,DJ Banda Master,SoundCloud Release / Bootleg,77,Quebradita,SoundCloud,0.8,0.921,8,-3.238,1,0.105,0.043,0.04642,0.26,0.791,233.2,339299,10,329,1318,3.74,15230624,291305,1.91
sc_4158229292311115621,Banda Sinaloense Quebradita - Dj Club Mix Vol 2,DJ Banda Master,SoundCloud Release / Bootleg,79,Quebradita,SoundCloud,0.724,0.978,4,-3.846,0,0.101,0.054,0.02608,0.204,0.919,244.8,298368,11,304,1217,3.53,437771,12206,2.79
sc_4158229292311115622,Banda Sinaloense Quebradita - Dj Club Mix Vol 3,DJ Banda Master,SoundCloud Release / Bootleg,79,Quebradita,SoundCloud,0.733,0.88,4,-5.013,0,0.05,0.182,0.03641,0.332,0.75,237.8,279325,10,276,1107,3.34,59993154,2054448,3.42
sc_4158229292311115623,Banda Sinaloense Quebradita - Dj Club Mix Vol 4,DJ Banda Master,SoundCloud Release / Bootleg,73,Quebradita,SoundCloud,0.775,0.949,2,-3.153,1,0.111,0.207,0.03273,0.235,0.81,243.7,310361,12,315,1260,3.61,15423581,340664,2.21
sc_4158229292311115624,Banda Sinaloense Quebradita - Dj Club Mix Vol 5,DJ Banda Master,SoundCloud Release / Bootleg,76,Quebradita,SoundCloud,0.75,0.924,10,-2.91,0,0.106,0.049,0.02362,0.226,0.889,239.7,312315,10,311,1247,3.3,60497727,1610241,2.66
sc_4158229292311115625,Banda Sinaloense Quebradita - Dj Club Mix Vol 6,DJ Banda Master,SoundCloud Release / Bootleg,75,Quebradita,SoundCloud,0.812,0.897,6,-3.735,1,0.077,0.186,0.02796,0.324,0.914,239.9,316640,9,316,1266,3.39,15240194,458313,3.01
sc_4158229292311115626,Banda Sinaloense Quebradita - Dj Club Mix Vol 7,DJ Banda Master,SoundCloud Release / Bootleg,76,Quebradita,SoundCloud,0.708,0.949,0,-3.434,0,0.05,0.129,0.01953,0.213,0.72,240.2,312318,10,312,1250,3.62,390713,5726,1.47
sc_4158229292311115627,Banda Sinaloense Quebradita - Dj Club Mix Vol 8,DJ Banda Master,SoundCloud Release / Bootleg,80,Quebradita,SoundCloud,0.694,0.896,3,-3.398,1,0.058,0.17,0.02056,0.293,0.604,231.3,299387,12,288,1154,3.23,60130561,863542,1.44
sc_4158229292311115628,Banda Sinaloense Quebradita - Dj Club Mix Vol 9,DJ Banda Master,SoundCloud Release / Bootleg,80,Quebradita,SoundCloud,0.686,0.905,8,-3.655,0,0.083,0.189,0.04076,0.206,0.858,260.8,355536,11,386,1545,3.34,374872,9362,2.5
sc_4158229292311115629,Banda Sinaloense Quebradita - Dj Club Mix Vol 10,DJ Banda Master,SoundCloud Release / Bootleg,79,Quebradita,SoundCloud,0.766,0.955,3,-4.335,1,0.042,0.079,0.01571,0.141,0.662,240.9,240505,11,241,965,3.63,88202,1327,1.5
6u0YMyjnpSHi8EyHRkCCAP,No Es una Novela,Monchy & Alexandra,Exitos,0,Bachata,Spotify,0.758,0.655,4,-3.81,1,0.038,0.426,0.00471,0.242,0.729,124.6,236636,8,122,491,1.76,15441263,616563,3.99
1RhQsb9KzlmaZ2dCPcefa7,Esa Mujer,Luis Vargas,Dobletazo,0,Bachata,Spotify,0.813,0.678,11,-4.087,1,0.038,0.417,0.0047,0.243,0.725,126.3,181527,7,95,382,1.71,120242673,3525971,2.93
5iGwkY3SDAD0WfDJEcsqVZ,RAULIN RODRIGUEZ (SOLO EXITOS EN VIVO) - En vivo,Isla turron30,RAULIN RODRIGUEZ (SOLO EXITOS EN VIVO) [En vivo],0,Bachata,Spotify,0.786,0.629,11,-5.034,0,0.074,0.228,0.00705,0.075,0.616,126.6,206602,7,108,435,1.94,120048683,2690460,2.24
0RPyNINwtnV7snkEWurZ9s,bachata sensual,Old school beats,bachata sensual,0,Bachata,Spotify,0.734,0.568,11,-5.174,0,0.047,0.302,0.0,0.229,0.881,129.0,178471,8,95,383,2.01,15241843,425097,2.79
4eKhrI7O6Uu6BSVSmpu4HU,Lost On You (Rumba 24),DJ Zavodnov,Amare,0,Bachata,Spotify,0.826,0.687,1,-4.155,1,0.052,0.446,0.00709,0.109,0.609,123.1,192597,6,98,395,2.01,450420151,12183801,2.7
2erJMHGqZ92OKvDIMuTut9,Perdóname - En Vivo Desde El Carnegie Hall Version,Gilberto Santa Rosa,En Vivo Desde El Carnegie Hall,0,Salsa,Spotify,0.744,0.856,0,-5.758,1,0.058,0.131,0.00893,0.222,0.657,185.2,178778,8,137,551,2.72,8044343,146389,1.82
6bNZH4O72jD4L5hga6DwHj,Guantanamera,Celia Cruz,Bravo,0,Salsa,Spotify,0.748,0.809,8,-6.261,0,0.034,0.154,0.00029,0.16,0.596,161.2,231274,12,155,621,2.93,85371380,2142234,2.51
41XmmKJHx1ZAH0Iykgjxfx,"QUÍTENME EL TELÉFONO (feat. Yandel, Jay Wheeler)",The Academy: Segunda Misión,The Academy: Segunda Misión,0,Salsa,Spotify,0.727,0.766,3,-5.045,1,0.041,0.055,0.00364,0.08,0.814,173.3,240273,9,173,693,2.64,300076955,9339360,3.11
0T5C8oe4xdHVqryxil2eEG,Me Fallaste,Eddie Santiago,De Verdad,0,Salsa,Spotify,0.735,0.799,10,-6.031,1,0.05,0.167,0.00804,0.211,0.757,186.6,228612,11,177,710,2.61,8415311,186199,2.21
2bLqfJjuC5syrsgDsZfGmn,The Way I Are,Timbaland,Shock Value,0,Salsa,Spotify,0.857,0.823,0,-5.171,1,0.059,0.033,0.00709,0.118,0.642,153.8,217475,11,139,557,2.92,5293985,185064,3.5
0wbDgMuAoy7O7pL3a69uZx,Give It To Me,Timbaland,Shock Value,0,Salsa,Spotify,0.875,0.821,6,-3.828,0,0.032,0.135,0.00727,0.167,0.596,160.3,220558,10,147,589,3.43,120425587,6049850,5.02
2gam98EZKrF9XuOkU13ApN,Promiscuous,Nelly Furtado,Loose,0,Salsa,Spotify,0.817,0.908,9,-5.198,1,0.056,0.108,0.00601,0.215,0.733,172.7,243097,11,174,699,2.71,527009,14558,2.76
6GGv5bp9nsEQMYyguJfWyv,Timbalero,El Gran Combo De Puerto Rico,25th Anniversary,0,Salsa,Spotify,0.789,0.859,7,-6.269,1,0.052,0.045,0.00732,0.095,0.818,170.8,208744,10,148,594,2.96,35491366,1528391,4.31
0O45fw2L5vsWpdsOdXwNAR,SexyBack (feat. Timbaland),Justin Timberlake,FutureSex/LoveSounds,0,Salsa,Spotify,0.84,0.933,8,-5.523,0,0.05,0.041,0.00821,0.097,0.684,173.6,237062,11,171,685,3.44,524794,16585,3.16
2tlnwfImhZLcPNiWVEK4QP,Timba Cubana,Tirso Duarte,Timba Cubana,0,Salsa,Spotify,0.809,0.889,6,-3.833,1,0.051,0.042,0.0022,0.183,0.851,151.0,223730,9,140,563,3.46,608453,26482,4.35
1MH43AiNUdkA5irdCrqgAe,Un Mal Sueño,Tirso Duarte,Timba Cubana,0,Salsa,Spotify,0.786,0.932,6,-5.853,1,0.044,0.044,0.003,0.138,0.55,161.9,226246,10,152,610,2.46,671233,24593,3.66
2xw8VmTgE3MFLiiQtG3BUG,Timba Cubana,Issac Delgado,Made In Habana,0,Salsa,Spotify,0.82,0.923,10,-5.286,0,0.063,0.092,0.00758,0.102,0.729,169.8,184287,10,130,521,3.17,35009204,937553,2.68
621LLhcTYkEbt1fwJuSdWi,"Temba, Tumba, Timba",Los Van Van,Llego... Van Van,0,Salsa,Spotify,0.786,0.866,8,-4.47,0,0.052,0.137,0.00797,0.082,0.886,166.5,199288,10,138,553,3.1,120002153,4194669,3.5
4mdp6adQV1EWoyVEDMlnH6,Tumbao,Ruben Gonzalez,Introducing,0,Salsa,Spotify,0.854,0.935,11,-5.968,1,0.073,0.058,0.00828,0.122,0.883,158.5,224563,11,148,593,2.63,351222,10334,2.94
0id4prYPcy8PkGkbWy4bcP,El Negro Esta Cocinando,Los Van Van,Llego... Van Van,0,Salsa,Spotify,0.727,0.828,1,-5.574,0,0.065,0.073,0.00654,0.226,0.846,187.4,177967,8,138,555,2.71,85215208,2679872,3.14
4IDiFHGCutb8eNZYEBxHOV,Después de todo,Juan Formell y Los Van Van,Chapeando,0,Salsa,Spotify,0.709,0.858,0,-5.444,1,0.048,0.063,0.00308,0.197,0.688,167.8,186748,9,130,522,2.81,420374,11613,2.76
14p0GfEoddHuKkrkom6ECM,Modo Van Van,Los Van Van,Modo Van Van,0,Salsa,Spotify,0.757,0.797,11,-6.323,0,0.068,0.182,0.00502,0.151,0.697,163.9,170146,11,116,464,2.74,689078,11393,1.65
63NzbBRuMRtzMNKhL0RizU,Los Rockstar No Van Al Cielo - Remix,Hanzel La H,Los Rockstar No Van Al Cielo (Remix),0,Salsa,Spotify,0.753,0.82,9,-3.544,1,0.036,0.111,0.00245,0.207,0.826,166.4,201092,11,139,557,2.63,563971,11823,2.1
53cWZA9OROeiYu1vHh4f4i,Lost Island,ENHYPEN,THE SIN : VANISH,0,Salsa,Spotify,0.716,0.793,4,-3.569,0,0.048,0.053,0.00617,0.111,0.81,183.4,202038,11,154,617,2.51,641881,20093,3.13
3poDXSDmEh4Z3sd2SI1ZsD,Tres Días,Alexander Abreu,Cantor del Pueblo,0,Salsa,Spotify,0.706,0.793,0,-6.392,1,0.065,0.074,0.00846,0.131,0.839,167.0,186118,9,129,518,2.72,773978,18153,2.35
6PmYTGiMdiENbzzlvMz0K6,Pasaporte,Alexander Abreu,Pasaporte,0,Salsa,Spotify,0.804,0.77,6,-5.374,1,0.078,0.092,0.00582,0.16,0.652,182.8,210245,10,160,640,2.56,745783,14325,1.92
5WVosux2xDQ3JpTlzqZZJy,Me Dicen Cuba,Alexander Abreu,Me Dicen Cuba / Rosa la Peligrosa,0,Salsa,Spotify,0.811,0.894,0,-4.218,1,0.038,0.095,0.00284,0.129,0.711,181.8,181193,9,137,549,2.69,8050048,316796,3.94
2gD0YaqSIN08kCloPjwaUK,Sálvame,Camilo,cuatro,0,Salsa,Spotify,0.765,0.864,6,-3.954,0,0.077,0.129,0.00615,0.207,0.625,195.7,170008,9,138,554,2.61,8445537,239153,2.83
3WVJfN1JmGewlDXGkQf0I4,Havana,Pz',Havana,0,Salsa,Spotify,0.803,0.868,8,-6.414,0,0.066,0.107,0.00597,0.202,0.648,183.9,187028,8,143,573,2.54,300406780,11833050,3.94
1EqklVALixya6jPVMnh06l,Silencio Remix,Velito el Bufón,Silencio Remix,0,Salsa,Spotify,0.812,0.778,11,-5.023,1,0.072,0.119,0.00498,0.192,0.778,170.8,182406,9,129,519,2.64,742457,28716,3.87
1mpeG0e0lTxMRvgjSLrhnR,Es Tu Mirada (with Kelvis Ochoa & Alexander Abreu) - Remasterizado,Leoni Torres,The Real Cuban Music (Remasterizado),0,Salsa,Spotify,0.8,0.862,8,-6.233,1,0.051,0.165,0.00199,0.079,0.786,160.8,202719,11,135,543,2.53,85175737,2716362,3.19
4TTV7EcfroSLWzXRY6gLv6,Alexander Hamilton,Leslie Odom Jr.,Hamilton (Original Broadway Cast Recording),0,Salsa,Spotify,0.735,0.799,10,-6.031,1,0.05,0.167,0.00804,0.211,0.757,186.6,228612,11,177,710,2.58,8074316,230501,2.85
4EveU9Zb50mjgi5avDNqlK,Bamboleo,Gipsy Kings,!Volare! The Very Best of the Gipsy Kings,0,Salsa,Spotify,0.793,0.786,6,-3.821,0,0.068,0.163,0.00607,0.213,0.686,173.6,240475,10,173,695,2.89,286548,7046,2.46
4TCLHKNzZ4EM83Ofga7DOk,Bamboleo x Narcos,undo,Bamboleo x Narcos,0,Salsa,Spotify,0.736,0.759,5,-5.085,1,0.052,0.13,0.00993,0.181,0.613,188.9,244117,12,192,768,2.81,85202116,3057240,3.59
5siwoDxCGDYnmfWV5SlUpE,Bamboleo,Gipsy Kings,Gipsy Kings,0,Salsa,Spotify,0.756,0.844,5,-4.611,1,0.03,0.162,0.00813,0.084,0.78,180.4,225462,12,169,677,2.82,286548,7046,2.46
4oYK3nOhHbECxEjrFIjFA6,Bamboleo,Miguel y Oscar,CARÀMBA CHE COMPILATION,0,Salsa,Spotify,0.815,0.75,8,-6.165,1,0.044,0.143,0.0059,0.194,0.655,185.0,239276,10,184,737,2.81,85018701,2826826,3.32
0lsslJvmtGGrCyXX6aZMRc,Bamboleo,Grupo Elias Duran,"Spanish Tapas Bar, Vol. 2",0,Salsa,Spotify,0.708,0.792,5,-4.87,1,0.055,0.157,0.00206,0.249,0.612,199.8,200403,8,166,667,2.48,300059280,6601947,2.2
7r2sBs6OeqwUUplgQd8ljK,Te Dejo Libre,Manolito y Su Trabuco,Te Dejo Libre,0,Salsa,Spotify,0.737,0.828,1,-4.822,0,0.035,0.084,0.00751,0.217,0.765,175.5,225701,8,165,660,2.72,472940,12329,2.61
1FWsQmSjs8www0PjwXDb2f,Tu Me Recordarás,Manolito y Su Trabuco,Marcando la Distancia (La Nueva Generación de la musica Cubana),0,Salsa,Spotify,0.765,0.792,7,-5.229,1,0.063,0.078,0.00036,0.224,0.801,176.5,218797,11,160,643,2.52,268220,8743,3.26
5M7SeoXBCxjNdP6R7Rb6y1,La Boda de Belén,Manolito y Su Trabuco,Grandes Éxitos,0,Salsa,Spotify,0.759,0.858,1,-4.922,1,0.038,0.188,0.00616,0.21,0.802,192.2,200254,9,160,641,2.98,553471,18784,3.39
70BDblSjPfj6Pe24avWzK2,Marcando la Distancia,Manolito y Su Trabuco,Marcando la Distancia (La Nueva Generación de la musica Cubana),0,Salsa,Spotify,0.734,0.896,3,-4.79,1,0.058,0.178,0.00097,0.134,0.891,196.9,204534,9,167,671,2.91,85048957,2715287,3.19
1JUZAZ07ZwI5vAHu7t39tW,SOY EL TRABUCO,Manolito Simonet y su Trabuco,Trabuco,0,Salsa,Spotify,0.732,0.782,7,-4.19,0,0.035,0.078,0.00753,0.242,0.827,167.5,216509,10,151,604,2.55,85051845,1883885,2.21
1z6BLPEi7vC97g1aA2z4ti,Dale Lo Que Lleva,Maykel Blanco Y Su Salsa Mayor,Dale Lo Que Lleva,0,Salsa,Spotify,0.778,0.826,1,-5.954,1,0.068,0.15,0.00988,0.116,0.56,185.4,203729,9,157,629,2.46,85071843,2810447,3.3
3rhuPie2HVWD1yJ8NASOCV,Ya Tú No Coronas,Maykel Blanco Y Su Salsa Mayor,Que Tiene Que Te Mueve,0,Salsa,Spotify,0.713,0.795,6,-5.644,1,0.05,0.133,0.00906,0.164,0.879,189.5,206274,11,162,651,2.51,85296703,2740527,3.21
3CR63Hzo3LR40TdK4pf1hr,Yo Comprendo,Maykel Blanco Y Su Salsa Mayor,Que Tiene Que Te Mueve,0,Salsa,Spotify,0.814,0.821,11,-5.93,1,0.054,0.166,0.00702,0.222,0.741,174.4,242179,8,175,703,2.53,85217991,2131830,2.5
6hs19WI3Ut2tncXJyxBeiQ,Popurrit #3,Maykel Blanco Y Su Salsa Mayor,Popurrit #3,0,Salsa,Spotify,0.786,0.846,11,-4.087,1,0.038,0.18,0.0047,0.243,0.725,190.1,181527,12,143,575,2.64,300467085,5160795,1.72
4CT3nzOXDZBHhKNLROMGcU,Presente!,Maykel Blanco Y Su Salsa Mayor,Presente!,0,Salsa,Spotify,0.727,0.766,3,-5.045,1,0.041,0.055,0.00364,0.08,0.814,173.3,240273,9,173,693,2.45,577841,25937,4.49
0xYiSnRMWgWgeMxdRn6pxr,Pasándola bien,Pupy y Los Que Son Son,Pasándola bien,0,Salsa,Spotify,0.751,0.872,8,-5.096,1,0.045,0.176,0.00879,0.18,0.691,185.3,241094,9,186,744,2.78,8468599,230653,2.72
3AkvpSOpsGjkhLKCS87kdg,Dicen Que Dicen,Cesar Pedroso,Pupy el Buenagente,0,Salsa,Spotify,0.803,0.862,3,-5.429,0,0.033,0.081,0.00911,0.101,0.884,169.6,184369,12,130,521,2.88,8172480,360321,4.41
3YprvwbZtmPXzhAG8vkGow,Ni Bombones Ni Caramelos,Pupy y Los Que Son Son,Siempre Pupy,0,Salsa,Spotify,0.775,0.786,3,-5.957,1,0.051,0.127,0.00221,0.201,0.847,197.2,207149,10,170,680,2.64,8492283,187354,2.21
1B1maIpcMpPDZ8GT0WHT0V,Milagros,KAROL G,Milagros,0,Salsa,Spotify,0.707,0.847,7,-6.12,1,0.04,0.183,0.00514,0.124,0.81,186.1,222974,11,172,691,2.84,300214889,10397116,3.46
1TfN54KwkaESkofKfGd8aC,La Verdad,Dk el Duke,La Verdad,0,Salsa,Spotify,0.746,0.856,9,-4.495,1,0.06,0.082,0.00979,0.117,0.578,179.4,180596,9,134,539,2.75,84985206,2849018,3.35
072UkY9eLmwv08lgfeIpKp,Te Deseo Suerte - Balada,Paulo FG,Te Deseo Suerte,0,Salsa,Spotify,0.802,0.777,7,-6.167,1,0.076,0.054,0.00822,0.2,0.624,194.9,243924,12,198,792,2.99,683361,25156,3.68
2xYar2H5dZUCOQyulY0E1d,Te Deseo Suerte,Paulo FG,Te Deseo Suerte,0,Salsa,Spotify,0.76,0.833,6,-4.382,1,0.036,0.105,0.00823,0.117,0.581,198.5,172466,8,142,570,2.76,674008,20296,3.01
24wMPWpDlXgSR3DUZSgt9x,De Amores,Paulito Fg,Abre que voy,0,Salsa,Spotify,0.727,0.822,8,-5.389,1,0.048,0.139,0.00821,0.224,0.756,193.1,217344,10,174,699,2.87,85425183,2810722,3.29
2EdEtYyZy3T8EeUxcpLyTB,Son de un Amigo,Paulito Fg,Una vez más ... por Amor,0,Salsa,Spotify,0.748,0.809,8,-6.261,0,0.034,0.154,0.00029,0.16,0.596,161.2,231274,8,155,621,2.61,300275632,4610256,1.54
4SAR6gu6qvJbzOxOJEsClH,Por Muchas Razones Te Quiero,Palito Ortega,Duetos,0,Salsa,Spotify,0.706,0.801,0,-5.914,1,0.048,0.166,0.00792,0.15,0.644,161.0,232755,10,156,624,2.76,8252117,259067,3.14
0DtlV64DfbjHkgEQUYgMhC,"Salsa, Timba Y Amor",Issac Delgado,Supercubano,0,Salsa,Spotify,0.802,0.888,1,-5.574,0,0.065,0.048,0.00654,0.226,0.846,167.1,177967,13,123,495,3.42,120471646,5246125,4.35
1oojbSwb5WdPgtjIlHfaJY,Salsa Timba Guaguanco,Yoruba Andabo,Rumba Con Amor,0,Salsa,Spotify,0.827,0.861,11,-6.323,0,0.068,0.136,0.00502,0.151,0.697,152.4,170146,13,108,432,2.99,120130247,3683055,3.07
2LMgmv0OSO3uX0h7dVf2ti,Bailando - Official Salsa Version,Issac Delgado,Bailando (Official Salsa Version),0,Salsa,Spotify,0.793,0.857,4,-3.569,0,0.048,0.032,0.00617,0.111,0.81,164.6,202038,8,138,554,2.78,85374538,1659343,1.94
1LsEWrinJn7odX5ZByXCTb,CULIACÁN,Oscar Maydon,MÚSICA EN MI JETSKI,0,Quebradita,Spotify,0.694,0.893,10,-6.031,1,0.05,0.08,0.00804,0.211,0.757,246.6,228612,10,234,939,3.68,198874,4579,2.3
2LJ1LTzP97H4Mp5izHUZ5G,Mix Quebraditas # 11: Mary la Orgullosa / Feliz Feliz / Help Ayudame / Un Ramito de Violetas,Marimba Orquesta La Gran Manzana,#Soy Incontenible. Música de Guatemala para los Latinos,0,Quebradita,Spotify,0.693,0.918,4,-3.81,1,0.038,0.091,0.00471,0.242,0.729,245.6,236636,9,242,968,3.46,60072021,940660,1.57
5jegyHMgcpuxYlKVeZSWDN,Besos De Papel,Banda Movil,Un Amor...,0,Quebradita,Spotify,0.789,0.974,0,-4.218,1,0.038,0.037,0.00284,0.129,0.711,241.8,181193,13,182,730,3.79,15357774,389848,2.54
4hceSKjrkDTO0nMKFcb3sj,"Villano Antillano: Bzrp Music Sessions, Vol. 51/66",Bizarrap,"Villano Antillano: Bzrp Music Sessions, Vol. 51/66",0,Salsa,Spotify,0.799,0.775,10,-3.514,1,0.03,0.196,0.00889,0.196,0.584,182.9,217550,9,165,663,2.58,85352960,1464346,1.72
7aTAvDS1aOMm4ijc0gzyHc,Mi Timbaton,Berna Jam,Timba pa' la Disco,0,Salsa,Spotify,0.786,0.932,6,-5.853,1,0.044,0.044,0.003,0.138,0.55,161.9,226246,9,152,610,3.0,120058423,5891065,4.91
7B6VYJdsPlVXT7u4AtQPBa,Tumba Pala Cocuyé,Afro-Cuban All Stars,"Distinto, Diferente",0,Salsa,Spotify,0.854,0.935,11,-5.968,1,0.073,0.058,0.00828,0.122,0.883,158.5,224563,10,148,593,2.42,84993195,3526614,4.15
2q8gv91MiG47AkdZP5b4Uc,Te Fuiste,Papito,Te Fuiste,0,Salsa,Spotify,0.706,0.801,0,-5.914,1,0.048,0.166,0.00792,0.15,0.644,161.0,232755,8,156,624,2.48,393808,7093,1.8
